id,label
0,6
1,0
2,8
3,8
4,3
5,0
6,7
7,3
8,4
9,9
10,7
11,6
12,2
13,0
14,3
15,9
16,0
17,6
18,5
19,7
20,4
21,3
22,0
23,8
24,5
25,9
26,9
27,1
28,7
29,4
30,4
31,2
32,1
33,6
34,4
35,7
36,7
37,8
38,5
39,0
40,6
41,5
42,3
43,8
44,1
45,1
46,4
47,7
48,5
49,2
50,9
51,2
52,5
53,5
54,3
55,0
56,9
57,0
58,5
59,0
60,8
61,1
62,0
63,7
64,4
65,4
66,2
67,3
68,0
69,9
70,3
71,2
72,6
73,0
74,0
75,3
76,2
77,7
78,5
79,8
80,5
81,3
82,3
83,3
84,6
85,6
86,0
87,7
88,6
89,6
90,9
91,3
92,7
93,9
94,2
95,9
96,8
97,8
98,4
99,5
100,9
101,5
102,8
103,1
104,5
105,0
106,4
107,6
108,1
109,1
110,4
111,1
112,5
113,4
114,9
115,5
116,8
117,2
118,8
119,0
120,4
121,9
122,9
123,0
124,4
125,2
126,2
127,0
128,1
129,3
130,1
131,6
132,6
133,7
134,0
135,3
136,2
137,2
138,5
139,9
140,8
141,2
142,8
143,8
144,3
145,6
146,8
147,3
148,0
149,4
150,8
151,8
152,5
153,2
154,7
155,5
156,7
157,9
158,7
159,1
160,5
161,5
162,1
163,4
164,4
165,1
166,3
167,2
168,5
169,6
170,1
171,2
172,4
173,9
174,5
175,9
176,5
177,7
178,5
179,0
180,3
181,5
182,9
183,5
184,7
185,8
186,4
187,0
188,9
189,5
190,1
191,4
192,2
193,2
194,2
195,4
196,4
197,2
198,5
199,2
200,6
201,6
202,7
203,9
204,1
205,6
206,0
207,9
208,8
209,4
210,7
211,7
212,1
213,2
214,8
215,3
216,2
217,3
218,8
219,8
220,9
221,4
222,3
223,9
224,8
225,0
226,2
227,7
228,3
229,7
230,7
231,1
232,7
233,6
234,1
235,3
236,1
237,1
238,4
239,2
240,6
241,8
242,8
243,6
244,4
245,1
246,0
247,5
248,2
249,6
250,2
251,7
252,3
253,6
254,8
255,9
256,8
257,8
258,7
259,5
260,6
261,2
262,0
263,0
264,1
265,1
266,1
267,4
268,4
269,2
270,8
271,8
272,6
273,8
274,2
275,5
276,0
277,9
278,0
279,4
280,8
281,4
282,9
283,9
284,1
285,4
286,4
287,2
288,9
289,5
290,2
291,5
292,2
293,1
294,7
295,7
296,9
297,3
298,3
299,5
300,1
301,7
302,4
303,0
304,2
305,4
306,3
307,1
308,6
309,3
310,9
311,1
312,2
313,4
314,1
315,1
316,4
317,7
318,8
319,4
320,7
321,4
322,6
323,8
324,5
325,0
326,9
327,6
328,5
329,5
330,7
331,9
332,5
333,7
334,8
335,4
336,5
337,4
338,4
339,6
340,2
341,8
342,3
343,8
344,8
345,9
346,5
347,9
348,6
349,4
350,0
351,6
352,9
353,4
354,9
355,5
356,0
357,7
358,9
359,8
360,0
361,5
362,3
363,6
364,8
365,9
366,5
367,4
368,6
369,6
370,3
371,2
372,7
373,6
374,5
375,2
376,9
377,5
378,9
379,9
380,8
381,3
382,0
383,9
384,7
385,3
386,3
387,2
388,1
389,1
390,4
391,9
392,1
393,2
394,7
395,3
396,4
397,5
398,0
399,4
400,8
401,4
402,8
403,6
404,6
405,9
406,3
407,2
408,6
409,0
410,3
411,9
412,9
413,4
414,0
415,7
416,6
417,9
418,3
419,1
420,0
421,1
422,9
423,1
424,2
425,4
426,5
427,6
428,2
429,9
430,7
431,5
432,7
433,0
434,7
435,4
436,1
437,8
438,9
439,7
440,6
441,2
442,1
443,2
444,5
445,3
446,7
447,0
448,6
449,3
450,1
451,5
452,8
453,4
454,3
455,9
456,8
457,6
458,3
459,9
460,2
461,2
462,5
463,6
464,7
465,0
466,0
467,3
468,4
469,5
470,3
471,8
472,5
473,8
474,1
475,5
476,1
477,3
478,5
479,5
480,6
481,7
482,9
483,2
484,9
485,3
486,3
487,0
488,8
489,1
490,2
491,5
492,2
493,9
494,1
495,9
496,5
497,2
498,9
499,5
500,3
501,8
502,5
503,5
504,5
505,7
506,2
507,1
508,9
509,2
510,4
511,1
512,1
513,8
514,6
515,8
516,8
517,6
518,0
519,0
520,3
521,8
522,7
523,5
524,4
525,9
526,6
527,8
528,3
529,6
530,9
531,6
532,2
533,7
534,8
535,0
536,6
537,0
538,6
539,5
540,3
541,6
542,7
543,2
544,0
545,5
546,7
547,3
548,7
549,0
550,0
551,6
552,0
553,9
554,0
555,8
556,4
557,9
558,0
559,7
560,9
561,3
562,5
563,6
564,0
565,4
566,4
567,7
568,5
569,1
570,9
571,0
572,3
573,5
574,8
575,3
576,5
577,7
578,7
579,9
580,3
581,6
582,5
583,9
584,6
585,3
586,9
587,0
588,1
589,7
590,9
591,0
592,2
593,5
594,6
595,2
596,5
597,7
598,2
599,3
600,6
601,5
602,5
603,8
604,5
605,6
606,6
607,5
608,1
609,9
610,2
611,6
612,6
613,5
614,3
615,1
616,8
617,9
618,3
619,5
620,7
621,3
622,1
623,6
624,2
625,0
626,0
627,0
628,0
629,0
630,7
631,6
632,9
633,2
634,2
635,6
636,8
637,6
638,6
639,1
640,3
641,9
642,9
643,8
644,5
645,6
646,7
647,5
648,6
649,8
650,6
651,3
652,0
653,8
654,2
655,0
656,7
657,9
658,6
659,6
660,5
661,6
662,0
663,6
664,8
665,9
666,3
667,2
668,8
669,6
670,4
671,4
672,8
673,2
674,2
675,0
676,7
677,4
678,6
679,5
680,2
681,6
682,9
683,1
684,0
685,2
686,0
687,5
688,4
689,0
690,8
691,1
692,2
693,5
694,2
695,7
696,3
697,1
698,3
699,2
700,1
701,8
702,8
703,9
704,1
705,0
706,5
707,1
708,5
709,0
710,3
711,4
712,3
713,9
714,5
715,3
716,4
717,7
718,4
719,2
720,1
721,6
722,9
723,5
724,3
725,6
726,3
727,4
728,7
729,6
730,4
731,9
732,4
733,8
734,2
735,1
736,5
737,5
738,0
739,3
740,0
741,2
742,7
743,0
744,5
745,3
746,6
747,4
748,3
749,3
750,3
751,8
752,0
753,0
754,1
755,6
756,6
757,2
758,5
759,0
760,5
761,7
762,6
763,8
764,7
765,4
766,1
767,8
768,3
769,7
770,3
771,1
772,6
773,5
774,9
775,2
776,6
777,9
778,7
779,5
780,7
781,5
782,0
783,5
784,2
785,2
786,4
787,9
788,4
789,9
790,2
791,9
792,1
793,3
794,8
795,3
796,9
797,0
798,4
799,3
800,3
801,7
802,0
803,4
804,1
805,4
806,0
807,1
808,0
809,0
810,6
811,2
812,7
813,9
814,3
815,8
816,4
817,0
818,1
819,8
820,6
821,0
822,9
823,1
824,4
825,5
826,5
827,0
828,4
829,6
830,6
831,7
832,6
833,6
834,4
835,6
836,1
837,4
838,4
839,1
840,8
841,0
842,4
843,5
844,2
845,9
846,1
847,7
848,3
849,9
850,9
851,8
852,7
853,1
854,6
855,8
856,8
857,2
858,1
859,2
860,3
861,3
862,8
863,1
864,8
865,3
866,2
867,9
868,3
869,4
870,1
871,0
872,7
873,3
874,0
875,0
876,6
877,3
878,1
879,6
880,3
881,4
882,6
883,2
884,7
885,1
886,6
887,9
888,0
889,2
890,8
891,3
892,0
893,8
894,5
895,2
896,7
897,5
898,4
899,4
900,6
901,6
902,1
903,3
904,4
905,8
906,3
907,0
908,7
909,3
910,5
911,4
912,3
913,7
914,3
915,3
916,2
917,8
918,6
919,3
920,6
921,0
922,9
923,6
924,6
925,6
926,2
927,8
928,0
929,8
930,2
931,5
932,6
933,3
934,5
935,8
936,5
937,7
938,8
939,4
940,6
941,1
942,2
943,7
944,9
945,6
946,8
947,5
948,8
949,2
950,1
951,5
952,9
953,5
954,4
955,8
956,4
957,3
958,3
959,1
960,7
961,6
962,6
963,3
964,5
965,1
966,3
967,1
968,1
969,4
970,9
971,7
972,2
973,9
974,7
975,8
976,8
977,0
978,1
979,5
980,4
981,9
982,1
983,7
984,3
985,6
986,3
987,0
988,1
989,3
990,0
991,3
992,3
993,3
994,1
995,8
996,2
997,6
998,0
999,4
1000,7
1001,0
1002,9
1003,9
1004,4
1005,2
1006,0
1007,9
1008,8
1009,1
1010,9
1011,1
1012,8
1013,8
1014,2
1015,2
1016,0
1017,9
1018,9
1019,8
1020,7
1021,0
1022,6
1023,5
1024,1
1025,4
1026,1
1027,3
1028,8
1029,8
1030,5
1031,4
1032,4
1033,2
1034,9
1035,1
1036,0
1037,4
1038,0
1039,5
1040,4
1041,9
1042,2
1043,9
1044,7
1045,2
1046,2
1047,8
1048,8
1049,0
1050,4
1051,4
1052,1
1053,5
1054,3
1055,7
1056,9
1057,4
1058,9
1059,5
1060,7
1061,6
1062,5
1063,3
1064,4
1065,5
1066,0
1067,5
1068,6
1069,7
1070,3
1071,9
1072,4
1073,4
1074,5
1075,0
1076,4
1077,1
1078,4
1079,4
1080,8
1081,4
1082,9
1083,2
1084,9
1085,0
1086,7
1087,3
1088,9
1089,3
1090,4
1091,6
1092,1
1093,7
1094,3
1095,4
1096,4
1097,6
1098,9
1099,5
1100,4
1101,7
1102,8
1103,7
1104,9
1105,1
1106,5
1107,7
1108,7
1109,7
1110,9
1111,7
1112,0
1113,5
1114,9
1115,5
1116,7
1117,4
1118,6
1119,2
1120,5
1121,5
1122,2
1123,4
1124,7
1125,1
1126,4
1127,9
1128,0
1129,9
1130,8
1131,3
1132,7
1133,0
1134,1
1135,7
1136,4
1137,7
1138,5
1139,1
1140,9
1141,8
1142,3
1143,0
1144,5
1145,4
1146,2
1147,2
1148,7
1149,1
1150,7
1151,6
1152,7
1153,1
1154,3
1155,8
1156,0
1157,5
1158,2
1159,8
1160,4
1161,4
1162,5
1163,8
1164,3
1165,6
1166,9
1167,2
1168,3
1169,2
1170,8
1171,7
1172,9
1173,2
1174,9
1175,0
1176,5
1177,1
1178,7
1179,0
1180,7
1181,2
1182,7
1183,6
1184,9
1185,4
1186,7
1187,0
1188,8
1189,6
1190,1
1191,2
1192,7
1193,6
1194,0
1195,4
1196,8
1197,5
1198,2
1199,1
1200,0
1201,6
1202,6
1203,4
1204,0
1205,0
1206,1
1207,2
1208,4
1209,9
1210,0
1211,4
1212,7
1213,4
1214,0
1215,2
1216,9
1217,4
1218,6
1219,7
1220,6
1221,7
1222,6
1223,1
1224,5
1225,7
1226,4
1227,8
1228,7
1229,6
1230,4
1231,6
1232,9
1233,6
1234,4
1235,3
1236,0
1237,4
1238,2
1239,2
1240,1
1241,0
1242,4
1243,7
1244,4
1245,0
1246,3
1247,5
1248,5
1249,6
1250,5
1251,7
1252,8
1253,2
1254,5
1255,9
1256,0
1257,3
1258,8
1259,4
1260,3
1261,9
1262,8
1263,7
1264,1
1265,3
1266,1
1267,6
1268,3
1269,0
1270,9
1271,9
1272,5
1273,7
1274,1
1275,7
1276,8
1277,0
1278,9
1279,0
1280,1
1281,6
1282,0
1283,5
1284,1
1285,6
1286,1
1287,5
1288,2
1289,4
1290,0
1291,8
1292,5
1293,9
1294,6
1295,6
1296,3
1297,7
1298,0
1299,3
1300,0
1301,5
1302,0
1303,5
1304,2
1305,1
1306,4
1307,4
1308,3
1309,4
1310,1
1311,3
1312,4
1313,4
1314,8
1315,5
1316,9
1317,6
1318,9
1319,2
1320,3
1321,1
1322,0
1323,1
1324,7
1325,1
1326,3
1327,6
1328,3
1329,3
1330,6
1331,3
1332,9
1333,6
1334,4
1335,0
1336,5
1337,9
1338,5
1339,4
1340,0
1341,7
1342,2
1343,7
1344,4
1345,0
1346,9
1347,1
1348,0
1349,1
1350,0
1351,5
1352,6
1353,0
1354,2
1355,0
1356,9
1357,8
1358,2
1359,6
1360,8
1361,7
1362,0
1363,8
1364,8
1365,6
1366,0
1367,1
1368,5
1369,7
1370,7
1371,4
1372,6
1373,3
1374,9
1375,6
1376,2
1377,5
1378,9
1379,8
1380,7
1381,2
1382,3
1383,0
1384,7
1385,0
1386,4
1387,9
1388,5
1389,7
1390,8
1391,2
1392,3
1393,2
1394,3
1395,1
1396,1
1397,2
1398,8
1399,5
1400,9
1401,9
1402,1
1403,3
1404,5
1405,1
1406,0
1407,1
1408,0
1409,6
1410,7
1411,4
1412,5
1413,8
1414,1
1415,6
1416,8
1417,4
1418,7
1419,3
1420,9
1421,4
1422,7
1423,9
1424,8
1425,0
1426,4
1427,6
1428,9
1429,9
1430,4
1431,5
1432,5
1433,0
1434,7
1435,4
1436,0
1437,2
1438,2
1439,5
1440,6
1441,7
1442,9
1443,1
1444,7
1445,7
1446,7
1447,8
1448,6
1449,1
1450,2
1451,9
1452,4
1453,2
1454,6
1455,0
1456,3
1457,8
1458,7
1459,5
1460,9
1461,4
1462,6
1463,1
1464,1
1465,6
1466,5
1467,3
1468,2
1469,7
1470,4
1471,7
1472,2
1473,0
1474,6
1475,2
1476,6
1477,5
1478,8
1479,3
1480,7
1481,7
1482,1
1483,3
1484,2
1485,4
1486,7
1487,5
1488,5
1489,4
1490,2
1491,3
1492,2
1493,5
1494,7
1495,7
1496,7
1497,7
1498,9
1499,3
1500,7
1501,1
1502,5
1503,8
1504,3
1505,9
1506,3
1507,9
1508,3
1509,4
1510,7
1511,5
1512,8
1513,5
1514,0
1515,1
1516,9
1517,2
1518,9
1519,2
1520,2
1521,1
1522,9
1523,6
1524,5
1525,3
1526,4
1527,7
1528,9
1529,3
1530,3
1531,2
1532,1
1533,3
1534,1
1535,9
1536,7
1537,4
1538,8
1539,2
1540,0
1541,6
1542,7
1543,2
1544,6
1545,9
1546,9
1547,7
1548,3
1549,5
1550,1
1551,5
1552,6
1553,0
1554,0
1555,3
1556,5
1557,3
1558,8
1559,4
1560,4
1561,2
1562,1
1563,6
1564,5
1565,2
1566,6
1567,6
1568,8
1569,5
1570,1
1571,5
1572,3
1573,3
1574,5
1575,6
1576,6
1577,7
1578,0
1579,7
1580,9
1581,0
1582,1
1583,0
1584,2
1585,9
1586,3
1587,1
1588,0
1589,3
1590,0
1591,5
1592,6
1593,2
1594,6
1595,6
1596,3
1597,9
1598,5
1599,3
1600,7
1601,5
1602,5
1603,4
1604,6
1605,2
1606,2
1607,7
1608,5
1609,0
1610,9
1611,0
1612,1
1613,5
1614,0
1615,0
1616,2
1617,1
1618,3
1619,9
1620,6
1621,3
1622,2
1623,8
1624,6
1625,3
1626,1
1627,6
1628,2
1629,4
1630,6
1631,8
1632,0
1633,1
1634,0
1635,9
1636,5
1637,8
1638,6
1639,8
1640,1
1641,4
1642,4
1643,2
1644,3
1645,8
1646,4
1647,1
1648,0
1649,5
1650,3
1651,7
1652,1
1653,5
1654,1
1655,6
1656,3
1657,6
1658,6
1659,7
1660,8
1661,3
1662,4
1663,6
1664,4
1665,3
1666,2
1667,4
1668,3
1669,8
1670,6
1671,2
1672,9
1673,7
1674,9
1675,2
1676,5
1677,1
1678,6
1679,3
1680,6
1681,4
1682,4
1683,2
1684,7
1685,9
1686,7
1687,9
1688,6
1689,0
1690,5
1691,9
1692,6
1693,6
1694,6
1695,1
1696,1
1697,2
1698,8
1699,7
1700,1
1701,6
1702,0
1703,7
1704,0
1705,5
1706,4
1707,1
1708,5
1709,1
1710,5
1711,2
1712,8
1713,5
1714,2
1715,8
1716,7
1717,2
1718,5
1719,2
1720,5
1721,9
1722,7
1723,9
1724,8
1725,7
1726,1
1727,8
1728,6
1729,6
1730,0
1731,0
1732,1
1733,7
1734,8
1735,0
1736,6
1737,6
1738,7
1739,5
1740,2
1741,4
1742,0
1743,8
1744,4
1745,6
1746,0
1747,3
1748,7
1749,2
1750,3
1751,3
1752,1
1753,4
1754,5
1755,6
1756,5
1757,4
1758,9
1759,0
1760,9
1761,3
1762,6
1763,9
1764,9
1765,5
1766,4
1767,5
1768,0
1769,4
1770,1
1771,6
1772,1
1773,2
1774,3
1775,8
1776,9
1777,4
1778,5
1779,4
1780,4
1781,4
1782,9
1783,1
1784,3
1785,7
1786,8
1787,9
1788,7
1789,1
1790,1
1791,5
1792,2
1793,1
1794,4
1795,9
1796,3
1797,6
1798,3
1799,4
1800,4
1801,6
1802,5
1803,8
1804,5
1805,0
1806,0
1807,1
1808,9
1809,0
1810,5
1811,8
1812,3
1813,7
1814,8
1815,2
1816,4
1817,4
1818,2
1819,2
1820,6
1821,4
1822,8
1823,4
1824,4
1825,3
1826,7
1827,9
1828,9
1829,6
1830,5
1831,8
1832,9
1833,5
1834,4
1835,4
1836,4
1837,5
1838,9
1839,3
1840,1
1841,5
1842,1
1843,7
1844,3
1845,2
1846,4
1847,2
1848,0
1849,8
1850,2
1851,6
1852,3
1853,0
1854,7
1855,3
1856,3
1857,0
1858,4
1859,4
1860,3
1861,6
1862,8
1863,8
1864,5
1865,7
1866,1
1867,0
1868,5
1869,8
1870,6
1871,6
1872,0
1873,1
1874,2
1875,9
1876,4
1877,2
1878,1
1879,3
1880,0
1881,2
1882,7
1883,1
1884,2
1885,5
1886,8
1887,0
1888,8
1889,9
1890,8
1891,3
1892,7
1893,7
1894,2
1895,3
1896,0
1897,2
1898,7
1899,7
1900,0
1901,4
1902,7
1903,5
1904,6
1905,2
1906,8
1907,3
1908,0
1909,3
1910,6
1911,1
1912,1
1913,9
1914,6
1915,4
1916,1
1917,4
1918,9
1919,6
1920,7
1921,3
1922,5
1923,1
1924,5
1925,3
1926,1
1927,9
1928,1
1929,1
1930,0
1931,7
1932,3
1933,9
1934,5
1935,6
1936,6
1937,2
1938,6
1939,6
1940,7
1941,6
1942,7
1943,0
1944,6
1945,9
1946,2
1947,0
1948,8
1949,6
1950,9
1951,0
1952,1
1953,4
1954,4
1955,7
1956,4
1957,7
1958,8
1959,6
1960,1
1961,9
1962,4
1963,1
1964,5
1965,3
1966,4
1967,4
1968,4
1969,7
1970,2
1971,7
1972,3
1973,1
1974,6
1975,8
1976,4
1977,4
1978,6
1979,8
1980,2
1981,1
1982,2
1983,0
1984,2
1985,3
1986,9
1987,4
1988,1
1989,5
1990,5
1991,8
1992,4
1993,4
1994,8
1995,8
1996,3
1997,6
1998,6
1999,2
2000,6
2001,5
2002,3
2003,0
2004,2
2005,8
2006,5
2007,3
2008,4
2009,4
2010,8
2011,0
2012,5
2013,9
2014,8
2015,8
2016,8
2017,9
2018,9
2019,9
2020,9
2021,2
2022,1
2023,6
2024,3
2025,6
2026,3
2027,8
2028,8
2029,2
2030,9
2031,7
2032,1
2033,7
2034,5
2035,1
2036,4
2037,7
2038,8
2039,0
2040,9
2041,0
2042,9
2043,1
2044,4
2045,0
2046,5
2047,0
2048,1
2049,5
2050,9
2051,4
2052,4
2053,7
2054,1
2055,8
2056,8
2057,4
2058,3
2059,8
2060,0
2061,8
2062,3
2063,3
2064,7
2065,9
2066,9
2067,5
2068,5
2069,7
2070,4
2071,5
2072,4
2073,3
2074,3
2075,4
2076,6
2077,9
2078,1
2079,4
2080,8
2081,2
2082,3
2083,6
2084,0
2085,7
2086,0
2087,4
2088,3
2089,1
2090,8
2091,8
2092,7
2093,3
2094,3
2095,6
2096,6
2097,6
2098,0
2099,9
2100,5
2101,3
2102,7
2103,1
2104,3
2105,9
2106,9
2107,6
2108,8
2109,5
2110,8
2111,5
2112,6
2113,9
2114,4
2115,8
2116,1
2117,0
2118,2
2119,6
2120,1
2121,1
2122,2
2123,7
2124,5
2125,4
2126,2
2127,9
2128,3
2129,8
2130,0
2131,4
2132,8
2133,2
2134,0
2135,7
2136,3
2137,2
2138,4
2139,0
2140,6
2141,4
2142,4
2143,5
2144,9
2145,3
2146,4
2147,9
2148,8
2149,1
2150,3
2151,3
2152,5
2153,6
2154,7
2155,5
2156,8
2157,8
2158,3
2159,8
2160,7
2161,3
2162,1
2163,9
2164,4
2165,2
2166,0
2167,6
2168,7
2169,5
2170,6
2171,0
2172,3
2173,6
2174,6
2175,6
2176,0
2177,5
2178,7
2179,1
2180,7
2181,3
2182,2
2183,9
2184,9
2185,9
2186,8
2187,5
2188,9
2189,7
2190,5
2191,0
2192,5
2193,9
2194,9
2195,1
2196,7
2197,3
2198,3
2199,9
2200,6
2201,8
2202,8
2203,7
2204,1
2205,8
2206,7
2207,1
2208,5
2209,2
2210,2
2211,2
2212,4
2213,7
2214,3
2215,8
2216,3
2217,9
2218,6
2219,5
2220,5
2221,7
2222,0
2223,8
2224,9
2225,8
2226,2
2227,3
2228,1
2229,8
2230,2
2231,9
2232,7
2233,0
2234,5
2235,8
2236,9
2237,1
2238,1
2239,3
2240,6
2241,7
2242,7
2243,9
2244,8
2245,8
2246,6
2247,5
2248,2
2249,6
2250,8
2251,2
2252,8
2253,2
2254,2
2255,8
2256,2
2257,0
2258,7
2259,5
2260,9
2261,2
2262,8
2263,3
2264,8
2265,8
2266,3
2267,4
2268,0
2269,7
2270,2
2271,7
2272,1
2273,5
2274,6
2275,9
2276,5
2277,4
2278,2
2279,1
2280,6
2281,6
2282,9
2283,0
2284,6
2285,9
2286,2
2287,4
2288,2
2289,3
2290,8
2291,9
2292,3
2293,2
2294,4
2295,5
2296,2
2297,5
2298,8
2299,2
2300,0
2301,2
2302,6
2303,7
2304,3
2305,9
2306,1
2307,3
2308,3
2309,9
2310,4
2311,2
2312,8
2313,1
2314,5
2315,6
2316,7
2317,3
2318,5
2319,4
2320,0
2321,9
2322,2
2323,4
2324,3
2325,5
2326,4
2327,0
2328,1
2329,4
2330,3
2331,4
2332,9
2333,2
2334,0
2335,0
2336,7
2337,9
2338,9
2339,7
2340,0
2341,5
2342,9
2343,3
2344,7
2345,1
2346,7
2347,4
2348,9
2349,4
2350,5
2351,6
2352,4
2353,3
2354,2
2355,7
2356,7
2357,1
2358,3
2359,9
2360,1
2361,4
2362,9
2363,5
2364,3
2365,3
2366,1
2367,8
2368,8
2369,9
2370,2
2371,5
2372,2
2373,8
2374,1
2375,1
2376,0
2377,7
2378,5
2379,5
2380,9
2381,1
2382,5
2383,9
2384,1
2385,4
2386,4
2387,2
2388,9
2389,8
2390,6
2391,6
2392,9
2393,4
2394,7
2395,1
2396,0
2397,4
2398,6
2399,6
2400,2
2401,6
2402,2
2403,6
2404,9
2405,0
2406,4
2407,5
2408,9
2409,1
2410,3
2411,8
2412,0
2413,1
2414,7
2415,1
2416,7
2417,8
2418,1
2419,5
2420,0
2421,2
2422,3
2423,8
2424,0
2425,2
2426,8
2427,9
2428,9
2429,2
2430,0
2431,8
2432,1
2433,6
2434,9
2435,7
2436,3
2437,3
2438,0
2439,8
2440,3
2441,9
2442,1
2443,7
2444,2
2445,2
2446,1
2447,7
2448,9
2449,9
2450,6
2451,6
2452,3
2453,4
2454,4
2455,2
2456,0
2457,7
2458,3
2459,6
2460,5
2461,7
2462,0
2463,7
2464,2
2465,1
2466,0
2467,9
2468,6
2469,3
2470,0
2471,0
2472,3
2473,0
2474,7
2475,7
2476,5
2477,5
2478,6
2479,4
2480,1
2481,4
2482,6
2483,7
2484,3
2485,9
2486,5
2487,0
2488,2
2489,9
2490,2
2491,7
2492,3
2493,7
2494,9
2495,6
2496,6
2497,0
2498,8
2499,4
2500,0
2501,4
2502,4
2503,7
2504,2
2505,8
2506,3
2507,3
2508,1
2509,7
2510,1
2511,1
2512,1
2513,7
2514,2
2515,3
2516,4
2517,5
2518,1
2519,1
2520,0
2521,3
2522,5
2523,1
2524,5
2525,2
2526,8
2527,6
2528,6
2529,2
2530,8
2531,6
2532,2
2533,7
2534,4
2535,6
2536,3
2537,9
2538,0
2539,9
2540,8
2541,5
2542,7
2543,5
2544,3
2545,2
2546,7
2547,1
2548,3
2549,7
2550,8
2551,3
2552,5
2553,6
2554,3
2555,5
2556,8
2557,3
2558,8
2559,3
2560,0
2561,4
2562,2
2563,1
2564,7
2565,6
2566,3
2567,6
2568,8
2569,9
2570,5
2571,9
2572,6
2573,8
2574,6
2575,6
2576,7
2577,6
2578,1
2579,5
2580,1
2581,9
2582,0
2583,8
2584,2
2585,2
2586,4
2587,5
2588,9
2589,6
2590,1
2591,8
2592,1
2593,9
2594,5
2595,0
2596,6
2597,1
2598,8
2599,0
2600,4
2601,8
2602,0
2603,9
2604,8
2605,8
2606,0
2607,5
2608,8
2609,1
2610,8
2611,8
2612,5
2613,6
2614,9
2615,7
2616,2
2617,3
2618,6
2619,0
2620,8
2621,2
2622,2
2623,3
2624,6
2625,6
2626,7
2627,1
2628,0
2629,4
2630,3
2631,8
2632,7
2633,7
2634,0
2635,9
2636,6
2637,6
2638,4
2639,0
2640,0
2641,4
2642,0
2643,5
2644,1
2645,4
2646,4
2647,6
2648,0
2649,6
2650,6
2651,5
2652,6
2653,3
2654,1
2655,2
2656,3
2657,6
2658,5
2659,9
2660,8
2661,9
2662,0
2663,9
2664,8
2665,2
2666,2
2667,8
2668,5
2669,7
2670,4
2671,0
2672,7
2673,9
2674,3
2675,2
2676,9
2677,8
2678,9
2679,1
2680,2
2681,5
2682,0
2683,6
2684,5
2685,8
2686,0
2687,1
2688,9
2689,9
2690,6
2691,5
2692,5
2693,0
2694,0
2695,0
2696,3
2697,7
2698,3
2699,2
2700,7
2701,0
2702,1
2703,0
2704,2
2705,2
2706,2
2707,6
2708,9
2709,7
2710,3
2711,0
2712,4
2713,4
2714,9
2715,2
2716,7
2717,7
2718,6
2719,9
2720,3
2721,7
2722,0
2723,6
2724,4
2725,8
2726,9
2727,7
2728,3
2729,6
2730,4
2731,9
2732,8
2733,9
2734,4
2735,7
2736,4
2737,8
2738,3
2739,3
2740,4
2741,5
2742,6
2743,8
2744,3
2745,4
2746,9
2747,8
2748,0
2749,8
2750,1
2751,8
2752,1
2753,5
2754,4
2755,7
2756,1
2757,6
2758,2
2759,9
2760,5
2761,0
2762,4
2763,6
2764,3
2765,4
2766,5
2767,2
2768,8
2769,3
2770,3
2771,9
2772,6
2773,5
2774,3
2775,2
2776,8
2777,1
2778,8
2779,6
2780,5
2781,9
2782,5
2783,2
2784,6
2785,8
2786,3
2787,3
2788,3
2789,1
2790,6
2791,6
2792,4
2793,5
2794,7
2795,6
2796,2
2797,8
2798,8
2799,5
2800,3
2801,4
2802,7
2803,6
2804,0
2805,2
2806,9
2807,6
2808,4
2809,4
2810,5
2811,5
2812,3
2813,3
2814,2
2815,8
2816,2
2817,9
2818,7
2819,6
2820,1
2821,7
2822,6
2823,1
2824,1
2825,0
2826,1
2827,8
2828,8
2829,8
2830,6
2831,5
2832,2
2833,6
2834,0
2835,3
2836,1
2837,3
2838,4
2839,4
2840,3
2841,0
2842,9
2843,0
2844,2
2845,7
2846,0
2847,3
2848,8
2849,7
2850,9
2851,1
2852,3
2853,9
2854,2
2855,7
2856,5
2857,1
2858,5
2859,7
2860,6
2861,6
2862,4
2863,2
2864,1
2865,4
2866,1
2867,6
2868,8
2869,7
2870,7
2871,9
2872,2
2873,1
2874,4
2875,3
2876,6
2877,9
2878,8
2879,4
2880,4
2881,7
2882,5
2883,9
2884,7
2885,3
2886,4
2887,0
2888,2
2889,8
2890,6
2891,8
2892,0
2893,6
2894,2
2895,0
2896,1
2897,8
2898,3
2899,9
2900,2
2901,0
2902,2
2903,4
2904,6
2905,5
2906,2
2907,9
2908,3
2909,2
2910,0
2911,8
2912,2
2913,0
2914,2
2915,2
2916,2
2917,1
2918,2
2919,8
2920,6
2921,9
2922,8
2923,0
2924,4
2925,8
2926,2
2927,4
2928,6
2929,6
2930,9
2931,9
2932,2
2933,1
2934,5
2935,3
2936,0
2937,9
2938,2
2939,0
2940,7
2941,7
2942,7
2943,6
2944,9
2945,0
2946,2
2947,8
2948,3
2949,3
2950,8
2951,5
2952,9
2953,0
2954,8
2955,3
2956,5
2957,1
2958,0
2959,2
2960,3
2961,5
2962,7
2963,2
2964,6
2965,5
2966,4
2967,2
2968,8
2969,6
2970,1
2971,9
2972,8
2973,8
2974,2
2975,5
2976,7
2977,4
2978,9
2979,5
2980,2
2981,2
2982,3
2983,5
2984,3
2985,1
2986,2
2987,4
2988,7
2989,7
2990,6
2991,9
2992,2
2993,4
2994,5
2995,1
2996,7
2997,9
2998,5
2999,8
3000,2
3001,1
3002,6
3003,9
3004,1
3005,9
3006,0
3007,7
3008,6
3009,6
3010,5
3011,3
3012,7
3013,3
3014,5
3015,4
3016,4
3017,6
3018,2
3019,3
3020,4
3021,1
3022,8
3023,1
3024,3
3025,7
3026,3
3027,7
3028,5
3029,8
3030,6
3031,1
3032,3
3033,1
3034,6
3035,6
3036,6
3037,4
3038,8
3039,5
3040,8
3041,2
3042,4
3043,9
3044,2
3045,5
3046,5
3047,0
3048,1
3049,4
3050,1
3051,8
3052,0
3053,5
3054,8
3055,5
3056,0
3057,7
3058,6
3059,7
3060,7
3061,4
3062,8
3063,6
3064,2
3065,2
3066,8
3067,6
3068,2
3069,1
3070,8
3071,7
3072,9
3073,1
3074,1
3075,7
3076,9
3077,7
3078,7
3079,5
3080,0
3081,3
3082,0
3083,0
3084,4
3085,2
3086,1
3087,3
3088,8
3089,9
3090,9
3091,7
3092,6
3093,6
3094,4
3095,0
3096,4
3097,0
3098,4
3099,8
3100,0
3101,8
3102,5
3103,9
3104,1
3105,2
3106,2
3107,0
3108,5
3109,3
3110,5
3111,2
3112,7
3113,6
3114,9
3115,8
3116,2
3117,5
3118,7
3119,0
3120,9
3121,3
3122,1
3123,3
3124,7
3125,7
3126,6
3127,4
3128,7
3129,4
3130,9
3131,8
3132,2
3133,5
3134,7
3135,5
3136,2
3137,4
3138,6
3139,5
3140,0
3141,9
3142,0
3143,8
3144,0
3145,9
3146,8
3147,9
3148,2
3149,9
3150,3
3151,5
3152,4
3153,5
3154,4
3155,7
3156,5
3157,3
3158,5
3159,7
3160,2
3161,8
3162,5
3163,3
3164,3
3165,7
3166,5
3167,3
3168,6
3169,7
3170,0
3171,3
3172,4
3173,4
3174,9
3175,2
3176,9
3177,8
3178,5
3179,6
3180,6
3181,4
3182,2
3183,9
3184,6
3185,6
3186,0
3187,5
3188,1
3189,2
3190,7
3191,7
3192,8
3193,4
3194,8
3195,0
3196,4
3197,9
3198,8
3199,5
3200,3
3201,3
3202,6
3203,0
3204,5
3205,0
3206,9
3207,3
3208,3
3209,6
3210,6
3211,6
3212,0
3213,2
3214,4
3215,4
3216,1
3217,7
3218,5
3219,3
3220,6
3221,4
3222,4
3223,6
3224,1
3225,8
3226,6
3227,3
3228,8
3229,8
3230,5
3231,3
3232,4
3233,6
3234,5
3235,8
3236,5
3237,4
3238,1
3239,0
3240,1
3241,9
3242,4
3243,6
3244,5
3245,2
3246,4
3247,1
3248,0
3249,9
3250,2
3251,4
3252,9
3253,2
3254,2
3255,8
3256,3
3257,6
3258,3
3259,5
3260,8
3261,3
3262,0
3263,6
3264,3
3265,9
3266,5
3267,0
3268,7
3269,3
3270,6
3271,8
3272,8
3273,6
3274,1
3275,0
3276,9
3277,2
3278,7
3279,0
3280,0
3281,6
3282,8
3283,2
3284,9
3285,8
3286,0
3287,0
3288,4
3289,7
3290,8
3291,2
3292,6
3293,3
3294,3
3295,7
3296,4
3297,9
3298,5
3299,6
3300,9
3301,9
3302,2
3303,9
3304,9
3305,2
3306,1
3307,4
3308,3
3309,3
3310,8
3311,6
3312,5
3313,0
3314,0
3315,8
3316,8
3317,9
3318,1
3319,7
3320,8
3321,1
3322,3
3323,1
3324,1
3325,8
3326,0
3327,9
3328,5
3329,9
3330,5
3331,3
3332,3
3333,8
3334,6
3335,0
3336,2
3337,1
3338,6
3339,8
3340,2
3341,1
3342,1
3343,1
3344,5
3345,4
3346,5
3347,4
3348,3
3349,0
3350,7
3351,0
3352,9
3353,1
3354,5
3355,2
3356,1
3357,5
3358,3
3359,9
3360,2
3361,0
3362,9
3363,1
3364,6
3365,2
3366,7
3367,7
3368,3
3369,0
3370,6
3371,4
3372,2
3373,9
3374,2
3375,5
3376,8
3377,7
3378,3
3379,8
3380,3
3381,5
3382,3
3383,7
3384,3
3385,7
3386,2
3387,6
3388,6
3389,5
3390,5
3391,7
3392,5
3393,9
3394,9
3395,2
3396,1
3397,8
3398,5
3399,8
3400,9
3401,7
3402,9
3403,3
3404,5
3405,6
3406,8
3407,8
3408,9
3409,9
3410,3
3411,9
3412,5
3413,7
3414,6
3415,2
3416,4
3417,8
3418,5
3419,6
3420,9
3421,3
3422,2
3423,4
3424,0
3425,0
3426,1
3427,9
3428,7
3429,8
3430,1
3431,7
3432,8
3433,3
3434,0
3435,4
3436,6
3437,6
3438,9
3439,7
3440,9
3441,8
3442,9
3443,3
3444,4
3445,7
3446,0
3447,5
3448,8
3449,8
3450,1
3451,4
3452,8
3453,7
3454,7
3455,8
3456,6
3457,4
3458,4
3459,1
3460,6
3461,1
3462,3
3463,8
3464,5
3465,9
3466,5
3467,8
3468,5
3469,5
3470,5
3471,7
3472,2
3473,7
3474,2
3475,6
3476,4
3477,3
3478,9
3479,8
3480,6
3481,8
3482,5
3483,0
3484,0
3485,9
3486,7
3487,1
3488,4
3489,8
3490,9
3491,8
3492,6
3493,5
3494,2
3495,4
3496,3
3497,4
3498,9
3499,5
3500,4
3501,0
3502,4
3503,6
3504,4
3505,3
3506,7
3507,1
3508,7
3509,3
3510,0
3511,6
3512,5
3513,7
3514,0
3515,4
3516,5
3517,1
3518,1
3519,6
3520,9
3521,7
3522,0
3523,7
3524,1
3525,2
3526,0
3527,3
3528,3
3529,7
3530,4
3531,7
3532,2
3533,2
3534,1
3535,7
3536,8
3537,2
3538,7
3539,8
3540,2
3541,5
3542,0
3543,4
3544,5
3545,6
3546,6
3547,9
3548,2
3549,7
3550,0
3551,4
3552,1
3553,7
3554,4
3555,0
3556,6
3557,2
3558,7
3559,5
3560,8
3561,3
3562,5
3563,8
3564,1
3565,3
3566,7
3567,5
3568,5
3569,0
3570,2
3571,6
3572,6
3573,6
3574,0
3575,5
3576,6
3577,8
3578,5
3579,3
3580,0
3581,3
3582,3
3583,6
3584,3
3585,0
3586,0
3587,7
3588,9
3589,6
3590,1
3591,1
3592,2
3593,9
3594,0
3595,7
3596,1
3597,4
3598,2
3599,9
3600,5
3601,5
3602,1
3603,7
3604,0
3605,4
3606,8
3607,5
3608,1
3609,7
3610,9
3611,8
3612,7
3613,7
3614,8
3615,0
3616,7
3617,1
3618,7
3619,7
3620,2
3621,1
3622,5
3623,4
3624,3
3625,5
3626,4
3627,5
3628,8
3629,0
3630,5
3631,5
3632,5
3633,4
3634,6
3635,4
3636,4
3637,5
3638,9
3639,5
3640,8
3641,2
3642,0
3643,3
3644,1
3645,4
3646,2
3647,1
3648,6
3649,7
3650,3
3651,1
3652,9
3653,0
3654,7
3655,2
3656,7
3657,7
3658,2
3659,2
3660,6
3661,2
3662,5
3663,6
3664,4
3665,8
3666,9
3667,4
3668,5
3669,8
3670,4
3671,1
3672,6
3673,0
3674,7
3675,7
3676,5
3677,3
3678,7
3679,4
3680,0
3681,2
3682,9
3683,2
3684,4
3685,5
3686,2
3687,1
3688,3
3689,5
3690,6
3691,1
3692,6
3693,7
3694,3
3695,9
3696,1
3697,6
3698,7
3699,7
3700,6
3701,1
3702,3
3703,7
3704,1
3705,4
3706,4
3707,3
3708,6
3709,3
3710,5
3711,3
3712,8
3713,9
3714,7
3715,8
3716,1
3717,0
3718,8
3719,7
3720,8
3721,9
3722,7
3723,7
3724,1
3725,2
3726,3
3727,3
3728,5
3729,2
3730,8
3731,9
3732,4
3733,5
3734,8
3735,4
3736,5
3737,6
3738,9
3739,8
3740,7
3741,9
3742,4
3743,6
3744,7
3745,4
3746,5
3747,4
3748,2
3749,7
3750,6
3751,5
3752,6
3753,7
3754,8
3755,5
3756,2
3757,1
3758,6
3759,8
3760,6
3761,4
3762,2
3763,2
3764,6
3765,2
3766,0
3767,5
3768,4
3769,1
3770,1
3771,8
3772,7
3773,8
3774,5
3775,1
3776,1
3777,4
3778,1
3779,7
3780,1
3781,0
3782,1
3783,5
3784,1
3785,3
3786,3
3787,4
3788,7
3789,9
3790,3
3791,7
3792,2
3793,9
3794,1
3795,4
3796,9
3797,5
3798,8
3799,8
3800,5
3801,1
3802,6
3803,5
3804,5
3805,8
3806,4
3807,1
3808,9
3809,0
3810,8
3811,1
3812,8
3813,9
3814,3
3815,5
3816,2
3817,1
3818,3
3819,3
3820,8
3821,2
3822,9
3823,1
3824,0
3825,0
3826,8
3827,8
3828,6
3829,1
3830,4
3831,9
3832,2
3833,1
3834,0
3835,2
3836,4
3837,9
3838,5
3839,0
3840,4
3841,8
3842,5
3843,9
3844,5
3845,8
3846,9
3847,6
3848,1
3849,9
3850,0
3851,9
3852,5
3853,5
3854,9
3855,4
3856,1
3857,2
3858,5
3859,1
3860,6
3861,6
3862,7
3863,1
3864,6
3865,6
3866,4
3867,8
3868,3
3869,7
3870,5
3871,6
3872,1
3873,5
3874,1
3875,8
3876,8
3877,6
3878,4
3879,9
3880,9
3881,9
3882,1
3883,9
3884,2
3885,6
3886,0
3887,8
3888,3
3889,7
3890,5
3891,3
3892,0
3893,7
3894,9
3895,8
3896,9
3897,5
3898,0
3899,8
3900,1
3901,7
3902,6
3903,3
3904,0
3905,0
3906,9
3907,9
3908,0
3909,0
3910,2
3911,0
3912,0
3913,5
3914,7
3915,5
3916,1
3917,7
3918,9
3919,9
3920,9
3921,9
3922,7
3923,9
3924,5
3925,8
3926,3
3927,7
3928,3
3929,3
3930,2
3931,3
3932,1
3933,1
3934,7
3935,0
3936,2
3937,6
3938,9
3939,9
3940,0
3941,4
3942,4
3943,5
3944,6
3945,7
3946,5
3947,8
3948,0
3949,9
3950,5
3951,1
3952,2
3953,5
3954,0
3955,2
3956,1
3957,9
3958,6
3959,7
3960,0
3961,6
3962,8
3963,4
3964,7
3965,7
3966,3
3967,3
3968,7
3969,0
3970,6
3971,7
3972,9
3973,0
3974,2
3975,3
3976,7
3977,5
3978,2
3979,6
3980,9
3981,3
3982,7
3983,4
3984,1
3985,8
3986,5
3987,2
3988,6
3989,6
3990,2
3991,6
3992,3
3993,6
3994,9
3995,2
3996,4
3997,8
3998,6
3999,3
4000,6
4001,7
4002,3
4003,1
4004,8
4005,7
4006,2
4007,1
4008,5
4009,4
4010,7
4011,2
4012,5
4013,8
4014,3
4015,6
4016,8
4017,3
4018,5
4019,8
4020,2
4021,7
4022,6
4023,4
4024,7
4025,7
4026,5
4027,9
4028,4
4029,0
4030,7
4031,8
4032,1
4033,2
4034,1
4035,0
4036,6
4037,5
4038,7
4039,9
4040,9
4041,6
4042,2
4043,5
4044,5
4045,8
4046,2
4047,9
4048,8
4049,4
4050,7
4051,4
4052,3
4053,5
4054,2
4055,1
4056,6
4057,3
4058,0
4059,4
4060,3
4061,6
4062,7
4063,2
4064,6
4065,7
4066,7
4067,2
4068,8
4069,0
4070,2
4071,5
4072,2
4073,9
4074,9
4075,8
4076,6
4077,9
4078,7
4079,0
4080,9
4081,9
4082,0
4083,1
4084,5
4085,5
4086,1
4087,4
4088,4
4089,5
4090,3
4091,4
4092,6
4093,0
4094,2
4095,9
4096,8
4097,7
4098,2
4099,4
4100,7
4101,4
4102,3
4103,4
4104,4
4105,7
4106,8
4107,2
4108,4
4109,1
4110,8
4111,9
4112,6
4113,7
4114,0
4115,6
4116,0
4117,3
4118,4
4119,1
4120,6
4121,2
4122,6
4123,8
4124,3
4125,3
4126,4
4127,2
4128,7
4129,0
4130,6
4131,2
4132,8
4133,7
4134,0
4135,2
4136,2
4137,9
4138,7
4139,8
4140,1
4141,0
4142,7
4143,6
4144,2
4145,5
4146,1
4147,9
4148,8
4149,0
4150,5
4151,4
4152,9
4153,9
4154,4
4155,0
4156,0
4157,8
4158,1
4159,2
4160,8
4161,0
4162,2
4163,5
4164,4
4165,4
4166,3
4167,0
4168,5
4169,3
4170,2
4171,3
4172,0
4173,6
4174,8
4175,8
4176,0
4177,0
4178,2
4179,9
4180,6
4181,9
4182,6
4183,3
4184,8
4185,9
4186,7
4187,9
4188,8
4189,4
4190,1
4191,8
4192,9
4193,6
4194,8
4195,6
4196,2
4197,5
4198,9
4199,9
4200,3
4201,8
4202,8
4203,5
4204,6
4205,3
4206,2
4207,0
4208,9
4209,0
4210,2
4211,3
4212,5
4213,2
4214,3
4215,3
4216,8
4217,1
4218,5
4219,7
4220,5
4221,7
4222,0
4223,2
4224,9
4225,3
4226,4
4227,0
4228,3
4229,6
4230,0
4231,4
4232,2
4233,0
4234,8
4235,0
4236,3
4237,3
4238,3
4239,7
4240,8
4241,6
4242,1
4243,7
4244,6
4245,1
4246,6
4247,3
4248,3
4249,2
4250,1
4251,9
4252,5
4253,3
4254,9
4255,9
4256,9
4257,2
4258,7
4259,3
4260,1
4261,4
4262,7
4263,7
4264,5
4265,6
4266,1
4267,3
4268,8
4269,6
4270,8
4271,7
4272,4
4273,5
4274,7
4275,2
4276,5
4277,4
4278,8
4279,4
4280,3
4281,3
4282,6
4283,0
4284,6
4285,7
4286,9
4287,1
4288,4
4289,0
4290,1
4291,7
4292,7
4293,3
4294,5
4295,7
4296,2
4297,5
4298,8
4299,2
4300,7
4301,4
4302,6
4303,6
4304,8
4305,2
4306,6
4307,2
4308,9
4309,2
4310,4
4311,2
4312,2
4313,7
4314,9
4315,1
4316,5
4317,7
4318,5
4319,0
4320,4
4321,4
4322,3
4323,4
4324,4
4325,9
4326,3
4327,9
4328,2
4329,2
4330,3
4331,8
4332,7
4333,9
4334,9
4335,6
4336,6
4337,6
4338,3
4339,1
4340,4
4341,1
4342,5
4343,1
4344,8
4345,6
4346,0
4347,6
4348,9
4349,1
4350,5
4351,4
4352,9
4353,4
4354,8
4355,8
4356,0
4357,8
4358,2
4359,1
4360,3
4361,8
4362,5
4363,5
4364,0
4365,1
4366,2
4367,3
4368,3
4369,6
4370,5
4371,0
4372,1
4373,8
4374,4
4375,9
4376,4
4377,8
4378,6
4379,3
4380,5
4381,7
4382,2
4383,7
4384,1
4385,1
4386,1
4387,2
4388,0
4389,3
4390,8
4391,5
4392,2
4393,4
4394,1
4395,9
4396,7
4397,1
4398,1
4399,4
4400,2
4401,0
4402,1
4403,2
4404,5
4405,4
4406,3
4407,3
4408,5
4409,6
4410,1
4411,0
4412,2
4413,5
4414,2
4415,7
4416,3
4417,3
4418,3
4419,9
4420,8
4421,6
4422,4
4423,1
4424,0
4425,1
4426,2
4427,7
4428,9
4429,3
4430,0
4431,0
4432,7
4433,8
4434,8
4435,8
4436,4
4437,3
4438,9
4439,5
4440,2
4441,3
4442,2
4443,6
4444,7
4445,7
4446,9
4447,2
4448,5
4449,8
4450,3
4451,1
4452,5
4453,0
4454,7
4455,5
4456,2
4457,1
4458,4
4459,2
4460,9
4461,0
4462,1
4463,4
4464,7
4465,7
4466,6
4467,7
4468,7
4469,3
4470,0
4471,6
4472,3
4473,1
4474,7
4475,3
4476,5
4477,0
4478,0
4479,6
4480,9
4481,9
4482,6
4483,8
4484,9
4485,2
4486,4
4487,8
4488,5
4489,6
4490,3
4491,0
4492,7
4493,9
4494,4
4495,9
4496,6
4497,1
4498,5
4499,2
4500,8
4501,7
4502,4
4503,5
4504,6
4505,5
4506,3
4507,4
4508,0
4509,1
4510,3
4511,6
4512,3
4513,9
4514,3
4515,1
4516,6
4517,8
4518,9
4519,2
4520,6
4521,0
4522,8
4523,0
4524,9
4525,4
4526,4
4527,5
4528,5
4529,8
4530,0
4531,0
4532,4
4533,0
4534,8
4535,9
4536,6
4537,7
4538,6
4539,7
4540,1
4541,6
4542,0
4543,0
4544,3
4545,6
4546,1
4547,8
4548,1
4549,4
4550,8
4551,3
4552,8
4553,7
4554,9
4555,2
4556,9
4557,5
4558,1
4559,3
4560,3
4561,3
4562,2
4563,3
4564,7
4565,4
4566,6
4567,8
4568,0
4569,5
4570,5
4571,0
4572,2
4573,7
4574,6
4575,8
4576,6
4577,8
4578,4
4579,9
4580,9
4581,3
4582,5
4583,2
4584,4
4585,5
4586,2
4587,6
4588,0
4589,9
4590,9
4591,8
4592,0
4593,6
4594,6
4595,0
4596,6
4597,6
4598,3
4599,9
4600,6
4601,0
4602,7
4603,3
4604,8
4605,0
4606,8
4607,6
4608,4
4609,4
4610,6
4611,0
4612,5
4613,5
4614,2
4615,9
4616,3
4617,0
4618,5
4619,0
4620,0
4621,6
4622,3
4623,7
4624,2
4625,3
4626,3
4627,6
4628,5
4629,7
4630,4
4631,5
4632,8
4633,9
4634,0
4635,9
4636,5
4637,4
4638,6
4639,1
4640,5
4641,0
4642,5
4643,3
4644,3
4645,7
4646,7
4647,9
4648,8
4649,7
4650,8
4651,3
4652,7
4653,4
4654,0
4655,4
4656,1
4657,5
4658,7
4659,1
4660,9
4661,7
4662,4
4663,0
4664,5
4665,0
4666,0
4667,6
4668,4
4669,9
4670,2
4671,7
4672,6
4673,2
4674,7
4675,3
4676,6
4677,6
4678,7
4679,2
4680,5
4681,3
4682,8
4683,4
4684,6
4685,4
4686,3
4687,7
4688,2
4689,8
4690,4
4691,9
4692,4
4693,2
4694,9
4695,2
4696,6
4697,3
4698,4
4699,2
4700,1
4701,0
4702,8
4703,3
4704,2
4705,3
4706,9
4707,8
4708,9
4709,0
4710,7
4711,6
4712,3
4713,1
4714,4
4715,4
4716,7
4717,0
4718,5
4719,6
4720,6
4721,5
4722,5
4723,1
4724,5
4725,5
4726,1
4727,0
4728,3
4729,7
4730,4
4731,7
4732,2
4733,4
4734,0
4735,4
4736,6
4737,1
4738,6
4739,8
4740,5
4741,4
4742,9
4743,0
4744,5
4745,4
4746,0
4747,6
4748,9
4749,3
4750,2
4751,9
4752,3
4753,2
4754,0
4755,2
4756,7
4757,3
4758,5
4759,8
4760,7
4761,3
4762,4
4763,6
4764,7
4765,3
4766,7
4767,6
4768,5
4769,2
4770,2
4771,8
4772,8
4773,8
4774,3
4775,8
4776,7
4777,2
4778,3
4779,5
4780,3
4781,4
4782,3
4783,9
4784,5
4785,1
4786,1
4787,7
4788,9
4789,4
4790,6
4791,0
4792,3
4793,7
4794,4
4795,7
4796,7
4797,3
4798,5
4799,3
4800,9
4801,7
4802,7
4803,9
4804,4
4805,3
4806,1
4807,0
4808,4
4809,7
4810,7
4811,3
4812,5
4813,4
4814,8
4815,3
4816,7
4817,0
4818,6
4819,8
4820,0
4821,5
4822,9
4823,7
4824,6
4825,6
4826,3
4827,4
4828,6
4829,1
4830,0
4831,1
4832,9
4833,1
4834,9
4835,4
4836,5
4837,9
4838,1
4839,8
4840,6
4841,6
4842,8
4843,4
4844,2
4845,2
4846,8
4847,1
4848,6
4849,3
4850,6
4851,7
4852,5
4853,0
4854,2
4855,6
4856,3
4857,2
4858,8
4859,9
4860,8
4861,4
4862,7
4863,0
4864,7
4865,2
4866,8
4867,8
4868,2
4869,6
4870,3
4871,3
4872,1
4873,6
4874,2
4875,1
4876,1
4877,7
4878,5
4879,1
4880,3
4881,7
4882,7
4883,6
4884,8
4885,3
4886,0
4887,0
4888,7
4889,5
4890,3
4891,9
4892,3
4893,2
4894,0
4895,4
4896,9
4897,2
4898,1
4899,8
4900,1
4901,0
4902,9
4903,6
4904,7
4905,8
4906,4
4907,4
4908,5
4909,5
4910,4
4911,2
4912,7
4913,8
4914,2
4915,1
4916,1
4917,8
4918,4
4919,0
4920,7
4921,3
4922,6
4923,3
4924,5
4925,0
4926,4
4927,7
4928,0
4929,2
4930,4
4931,4
4932,9
4933,0
4934,9
4935,2
4936,1
4937,5
4938,5
4939,7
4940,9
4941,3
4942,4
4943,1
4944,1
4945,8
4946,8
4947,7
4948,2
4949,5
4950,3
4951,7
4952,1
4953,5
4954,7
4955,3
4956,4
4957,3
4958,5
4959,8
4960,5
4961,0
4962,0
4963,9
4964,8
4965,6
4966,5
4967,4
4968,1
4969,9
4970,0
4971,0
4972,7
4973,0
4974,6
4975,6
4976,0
4977,7
4978,8
4979,7
4980,6
4981,2
4982,6
4983,8
4984,1
4985,1
4986,3
4987,4
4988,5
4989,4
4990,5
4991,6
4992,1
4993,2
4994,5
4995,7
4996,7
4997,2
4998,6
4999,8
5000,7
5001,2
5002,0
5003,4
5004,3
5005,2
5006,6
5007,7
5008,3
5009,5
5010,8
5011,1
5012,0
5013,4
5014,2
5015,4
5016,9
5017,7
5018,4
5019,8
5020,3
5021,6
5022,2
5023,6
5024,0
5025,5
5026,8
5027,0
5028,2
5029,3
5030,3
5031,9
5032,5
5033,9
5034,4
5035,5
5036,2
5037,7
5038,0
5039,4
5040,2
5041,6
5042,3
5043,6
5044,6
5045,6
5046,1
5047,2
5048,6
5049,0
5050,9
5051,4
5052,3
5053,7
5054,0
5055,5
5056,2
5057,7
5058,5
5059,3
5060,9
5061,7
5062,4
5063,8
5064,7
5065,9
5066,7
5067,7
5068,6
5069,1
5070,2
5071,1
5072,1
5073,2
5074,4
5075,1
5076,5
5077,1
5078,4
5079,4
5080,2
5081,2
5082,0
5083,6
5084,6
5085,0
5086,9
5087,4
5088,0
5089,5
5090,6
5091,3
5092,8
5093,1
5094,6
5095,4
5096,1
5097,0
5098,6
5099,0
5100,9
5101,2
5102,1
5103,9
5104,3
5105,6
5106,4
5107,8
5108,9
5109,4
5110,8
5111,1
5112,1
5113,5
5114,9
5115,1
5116,4
5117,1
5118,5
5119,3
5120,0
5121,6
5122,0
5123,4
5124,9
5125,5
5126,8
5127,9
5128,6
5129,5
5130,5
5131,6
5132,3
5133,0
5134,5
5135,7
5136,2
5137,0
5138,0
5139,9
5140,1
5141,9
5142,5
5143,8
5144,8
5145,6
5146,8
5147,0
5148,3
5149,6
5150,2
5151,5
5152,7
5153,6
5154,2
5155,7
5156,3
5157,8
5158,7
5159,9
5160,7
5161,0
5162,4
5163,0
5164,4
5165,8
5166,7
5167,7
5168,0
5169,1
5170,3
5171,5
5172,9
5173,6
5174,1
5175,3
5176,5
5177,6
5178,2
5179,3
5180,8
5181,8
5182,4
5183,4
5184,2
5185,9
5186,1
5187,9
5188,0
5189,0
5190,1
5191,6
5192,0
5193,4
5194,1
5195,0
5196,0
5197,4
5198,9
5199,3
5200,0
5201,3
5202,2
5203,6
5204,8
5205,5
5206,3
5207,7
5208,7
5209,7
5210,7
5211,1
5212,6
5213,4
5214,0
5215,7
5216,5
5217,6
5218,2
5219,7
5220,1
5221,1
5222,0
5223,6
5224,0
5225,8
5226,7
5227,7
5228,0
5229,7
5230,3
5231,8
5232,7
5233,0
5234,6
5235,8
5236,0
5237,4
5238,1
5239,1
5240,1
5241,2
5242,9
5243,9
5244,3
5245,1
5246,2
5247,7
5248,3
5249,2
5250,8
5251,4
5252,4
5253,9
5254,7
5255,2
5256,3
5257,6
5258,2
5259,4
5260,7
5261,2
5262,6
5263,3
5264,8
5265,9
5266,0
5267,0
5268,0
5269,8
5270,0
5271,7
5272,4
5273,4
5274,2
5275,4
5276,9
5277,7
5278,1
5279,0
5280,9
5281,3
5282,5
5283,6
5284,8
5285,9
5286,6
5287,7
5288,3
5289,8
5290,2
5291,9
5292,4
5293,4
5294,2
5295,5
5296,8
5297,1
5298,7
5299,3
5300,1
5301,7
5302,3
5303,3
5304,5
5305,8
5306,6
5307,1
5308,5
5309,7
5310,7
5311,0
5312,0
5313,4
5314,5
5315,6
5316,9
5317,1
5318,3
5319,0
5320,2
5321,6
5322,7
5323,1
5324,8
5325,1
5326,8
5327,3
5328,4
5329,3
5330,4
5331,1
5332,5
5333,3
5334,4
5335,7
5336,8
5337,9
5338,0
5339,5
5340,4
5341,3
5342,6
5343,4
5344,5
5345,4
5346,2
5347,8
5348,4
5349,5
5350,8
5351,5
5352,0
5353,7
5354,5
5355,4
5356,0
5357,1
5358,1
5359,8
5360,7
5361,7
5362,8
5363,1
5364,8
5365,9
5366,2
5367,4
5368,5
5369,9
5370,3
5371,0
5372,8
5373,6
5374,7
5375,9
5376,3
5377,8
5378,7
5379,1
5380,6
5381,4
5382,6
5383,4
5384,6
5385,8
5386,2
5387,8
5388,7
5389,9
5390,2
5391,4
5392,4
5393,5
5394,7
5395,4
5396,8
5397,7
5398,7
5399,9
5400,4
5401,3
5402,2
5403,4
5404,6
5405,7
5406,0
5407,3
5408,4
5409,2
5410,2
5411,5
5412,4
5413,9
5414,0
5415,6
5416,9
5417,8
5418,6
5419,2
5420,8
5421,5
5422,6
5423,5
5424,4
5425,8
5426,1
5427,9
5428,5
5429,5
5430,0
5431,1
5432,3
5433,4
5434,6
5435,8
5436,9
5437,2
5438,1
5439,1
5440,7
5441,8
5442,4
5443,8
5444,4
5445,8
5446,2
5447,2
5448,0
5449,3
5450,4
5451,2
5452,2
5453,8
5454,9
5455,3
5456,8
5457,3
5458,0
5459,0
5460,2
5461,6
5462,2
5463,8
5464,9
5465,6
5466,0
5467,0
5468,8
5469,7
5470,9
5471,3
5472,6
5473,0
5474,4
5475,2
5476,6
5477,0
5478,2
5479,0
5480,3
5481,6
5482,5
5483,4
5484,0
5485,3
5486,6
5487,4
5488,9
5489,8
5490,4
5491,3
5492,7
5493,2
5494,4
5495,9
5496,3
5497,6
5498,0
5499,0
5500,2
5501,4
5502,5
5503,0
5504,8
5505,9
5506,6
5507,5
5508,3
5509,4
5510,6
5511,3
5512,7
5513,5
5514,0
5515,4
5516,4
5517,3
5518,4
5519,7
5520,6
5521,5
5522,8
5523,1
5524,9
5525,3
5526,5
5527,1
5528,0
5529,3
5530,7
5531,0
5532,7
5533,3
5534,0
5535,3
5536,8
5537,8
5538,9
5539,5
5540,0
5541,5
5542,2
5543,7
5544,1
5545,9
5546,0
5547,6
5548,2
5549,4
5550,6
5551,5
5552,7
5553,4
5554,0
5555,4
5556,7
5557,8
5558,2
5559,9
5560,2
5561,6
5562,1
5563,8
5564,5
5565,1
5566,0
5567,0
5568,1
5569,6
5570,3
5571,7
5572,6
5573,2
5574,7
5575,9
5576,3
5577,6
5578,8
5579,8
5580,0
5581,7
5582,8
5583,4
5584,6
5585,1
5586,8
5587,3
5588,1
5589,7
5590,2
5591,8
5592,9
5593,9
5594,1
5595,3
5596,0
5597,1
5598,8
5599,5
5600,7
5601,2
5602,6
5603,6
5604,5
5605,3
5606,4
5607,6
5608,9
5609,8
5610,2
5611,8
5612,7
5613,4
5614,2
5615,7
5616,0
5617,5
5618,6
5619,6
5620,7
5621,8
5622,9
5623,5
5624,5
5625,5
5626,2
5627,2
5628,7
5629,8
5630,3
5631,3
5632,2
5633,5
5634,5
5635,5
5636,1
5637,1
5638,4
5639,8
5640,2
5641,8
5642,1
5643,4
5644,1
5645,9
5646,5
5647,3
5648,7
5649,7
5650,8
5651,0
5652,2
5653,7
5654,8
5655,0
5656,5
5657,5
5658,5
5659,2
5660,3
5661,2
5662,8
5663,9
5664,7
5665,0
5666,4
5667,2
5668,1
5669,0
5670,5
5671,4
5672,6
5673,4
5674,4
5675,0
5676,8
5677,8
5678,9
5679,0
5680,1
5681,5
5682,6
5683,3
5684,1
5685,5
5686,2
5687,6
5688,1
5689,4
5690,2
5691,7
5692,8
5693,6
5694,8
5695,4
5696,8
5697,5
5698,2
5699,4
5700,6
5701,6
5702,1
5703,5
5704,1
5705,9
5706,9
5707,3
5708,0
5709,9
5710,7
5711,0
5712,8
5713,6
5714,9
5715,8
5716,3
5717,9
5718,4
5719,0
5720,0
5721,1
5722,7
5723,4
5724,7
5725,5
5726,3
5727,0
5728,0
5729,6
5730,1
5731,2
5732,3
5733,5
5734,1
5735,1
5736,7
5737,6
5738,4
5739,9
5740,3
5741,4
5742,7
5743,6
5744,6
5745,0
5746,7
5747,8
5748,8
5749,5
5750,4
5751,7
5752,2
5753,9
5754,9
5755,6
5756,8
5757,2
5758,5
5759,2
5760,0
5761,1
5762,0
5763,2
5764,6
5765,2
5766,9
5767,6
5768,0
5769,4
5770,4
5771,5
5772,2
5773,4
5774,0
5775,1
5776,4
5777,8
5778,8
5779,8
5780,1
5781,7
5782,0
5783,9
5784,6
5785,6
5786,0
5787,4
5788,9
5789,3
5790,8
5791,3
5792,2
5793,1
5794,1
5795,1
5796,7
5797,9
5798,6
5799,3
5800,4
5801,8
5802,3
5803,7
5804,6
5805,9
5806,2
5807,2
5808,7
5809,0
5810,5
5811,1
5812,5
5813,8
5814,2
5815,0
5816,1
5817,7
5818,6
5819,1
5820,2
5821,4
5822,4
5823,9
5824,7
5825,4
5826,9
5827,4
5828,3
5829,9
5830,0
5831,1
5832,7
5833,2
5834,6
5835,4
5836,0
5837,4
5838,1
5839,8
5840,9
5841,2
5842,5
5843,4
5844,0
5845,1
5846,9
5847,1
5848,5
5849,0
5850,5
5851,8
5852,3
5853,5
5854,4
5855,8
5856,3
5857,9
5858,9
5859,2
5860,4
5861,7
5862,8
5863,9
5864,6
5865,6
5866,0
5867,3
5868,6
5869,4
5870,0
5871,0
5872,3
5873,7
5874,4
5875,6
5876,2
5877,5
5878,4
5879,7
5880,6
5881,8
5882,9
5883,6
5884,8
5885,8
5886,8
5887,6
5888,0
5889,1
5890,5
5891,2
5892,4
5893,8
5894,5
5895,2
5896,6
5897,3
5898,6
5899,4
5900,3
5901,6
5902,8
5903,4
5904,6
5905,4
5906,5
5907,9
5908,5
5909,4
5910,7
5911,3
5912,6
5913,1
5914,1
5915,9
5916,7
5917,2
5918,1
5919,8
5920,5
5921,2
5922,3
5923,8
5924,9
5925,2
5926,0
5927,6
5928,4
5929,6
5930,9
5931,4
5932,2
5933,9
5934,1
5935,8
5936,6
5937,1
5938,2
5939,7
5940,4
5941,4
5942,9
5943,3
5944,0
5945,0
5946,3
5947,9
5948,1
5949,2
5950,0
5951,4
5952,0
5953,6
5954,9
5955,1
5956,5
5957,8
5958,3
5959,9
5960,9
5961,2
5962,4
5963,5
5964,3
5965,1
5966,9
5967,4
5968,1
5969,8
5970,0
5971,4
5972,3
5973,7
5974,9
5975,8
5976,3
5977,7
5978,8
5979,1
5980,3
5981,1
5982,2
5983,1
5984,6
5985,1
5986,5
5987,4
5988,3
5989,9
5990,3
5991,8
5992,3
5993,5
5994,3
5995,7
5996,2
5997,0
5998,3
5999,4
6000,3
6001,3
6002,6
6003,0
6004,1
6005,6
6006,8
6007,6
6008,0
6009,2
6010,3
6011,3
6012,9
6013,9
6014,7
6015,1
6016,9
6017,4
6018,3
6019,4
6020,7
6021,9
6022,4
6023,6
6024,3
6025,5
6026,2
6027,7
6028,9
6029,5
6030,7
6031,0
6032,1
6033,6
6034,7
6035,1
6036,1
6037,2
6038,9
6039,6
6040,0
6041,2
6042,1
6043,6
6044,3
6045,8
6046,1
6047,1
6048,0
6049,7
6050,1
6051,4
6052,1
6053,9
6054,8
6055,8
6056,6
6057,8
6058,0
6059,4
6060,9
6061,2
6062,3
6063,8
6064,0
6065,2
6066,6
6067,7
6068,8
6069,1
6070,4
6071,1
6072,8
6073,3
6074,8
6075,8
6076,3
6077,7
6078,8
6079,4
6080,5
6081,8
6082,6
6083,1
6084,7
6085,3
6086,7
6087,7
6088,1
6089,8
6090,5
6091,1
6092,3
6093,6
6094,8
6095,3
6096,7
6097,5
6098,5
6099,9
6100,2
6101,7
6102,8
6103,5
6104,1
6105,8
6106,5
6107,7
6108,5
6109,4
6110,5
6111,1
6112,3
6113,9
6114,6
6115,0
6116,2
6117,6
6118,0
6119,0
6120,0
6121,5
6122,3
6123,2
6124,9
6125,1
6126,2
6127,6
6128,7
6129,7
6130,9
6131,0
6132,3
6133,0
6134,8
6135,2
6136,6
6137,7
6138,5
6139,6
6140,2
6141,8
6142,5
6143,4
6144,2
6145,3
6146,6
6147,9
6148,4
6149,1
6150,9
6151,2
6152,9
6153,8
6154,3
6155,5
6156,5
6157,7
6158,0
6159,2
6160,9
6161,5
6162,9
6163,6
6164,6
6165,1
6166,6
6167,3
6168,1
6169,5
6170,1
6171,8
6172,0
6173,6
6174,4
6175,8
6176,3
6177,0
6178,7
6179,3
6180,3
6181,4
6182,5
6183,3
6184,7
6185,4
6186,5
6187,7
6188,2
6189,8
6190,9
6191,4
6192,9
6193,7
6194,2
6195,8
6196,0
6197,3
6198,7
6199,2
6200,7
6201,8
6202,0
6203,0
6204,0
6205,9
6206,4
6207,9
6208,8
6209,7
6210,2
6211,9
6212,6
6213,1
6214,7
6215,4
6216,0
6217,0
6218,0
6219,5
6220,7
6221,7
6222,2
6223,7
6224,2
6225,5
6226,5
6227,0
6228,7
6229,4
6230,1
6231,4
6232,4
6233,6
6234,9
6235,1
6236,7
6237,5
6238,6
6239,2
6240,4
6241,4
6242,9
6243,0
6244,8
6245,6
6246,8
6247,1
6248,4
6249,3
6250,7
6251,3
6252,4
6253,0
6254,0
6255,4
6256,2
6257,4
6258,9
6259,7
6260,0
6261,4
6262,8
6263,2
6264,9
6265,6
6266,0
6267,3
6268,0
6269,1
6270,7
6271,0
6272,5
6273,0
6274,2
6275,6
6276,1
6277,9
6278,5
6279,8
6280,0
6281,3
6282,8
6283,9
6284,9
6285,4
6286,4
6287,4
6288,5
6289,3
6290,3
6291,8
6292,6
6293,5
6294,5
6295,0
6296,4
6297,6
6298,9
6299,3
6300,6
6301,6
6302,5
6303,6
6304,3
6305,5
6306,9
6307,8
6308,1
6309,8
6310,8
6311,9
6312,7
6313,4
6314,3
6315,3
6316,4
6317,4
6318,0
6319,6
6320,5
6321,5
6322,2
6323,3
6324,5
6325,9
6326,6
6327,5
6328,7
6329,3
6330,2
6331,7
6332,3
6333,6
6334,6
6335,6
6336,5
6337,9
6338,0
6339,6
6340,0
6341,9
6342,9
6343,5
6344,8
6345,8
6346,3
6347,4
6348,4
6349,9
6350,1
6351,5
6352,4
6353,9
6354,0
6355,4
6356,0
6357,7
6358,5
6359,1
6360,4
6361,5
6362,0
6363,4
6364,8
6365,8
6366,3
6367,9
6368,1
6369,1
6370,9
6371,4
6372,1
6373,1
6374,4
6375,1
6376,8
6377,9
6378,6
6379,7
6380,8
6381,1
6382,9
6383,7
6384,1
6385,3
6386,0
6387,6
6388,0
6389,0
6390,6
6391,8
6392,1
6393,8
6394,0
6395,8
6396,7
6397,8
6398,8
6399,2
6400,4
6401,9
6402,6
6403,6
6404,3
6405,6
6406,1
6407,3
6408,0
6409,6
6410,2
6411,9
6412,1
6413,7
6414,3
6415,1
6416,0
6417,9
6418,3
6419,9
6420,1
6421,5
6422,9
6423,5
6424,8
6425,1
6426,2
6427,8
6428,6
6429,8
6430,5
6431,6
6432,4
6433,5
6434,8
6435,4
6436,0
6437,3
6438,6
6439,9
6440,6
6441,3
6442,3
6443,3
6444,6
6445,1
6446,1
6447,5
6448,1
6449,8
6450,5
6451,4
6452,8
6453,5
6454,8
6455,5
6456,2
6457,1
6458,1
6459,6
6460,3
6461,7
6462,0
6463,6
6464,5
6465,5
6466,2
6467,5
6468,0
6469,5
6470,5
6471,2
6472,1
6473,9
6474,2
6475,1
6476,6
6477,3
6478,8
6479,2
6480,0
6481,4
6482,1
6483,4
6484,4
6485,7
6486,8
6487,7
6488,8
6489,3
6490,2
6491,6
6492,3
6493,3
6494,7
6495,1
6496,4
6497,9
6498,0
6499,3
6500,0
6501,7
6502,0
6503,1
6504,0
6505,4
6506,1
6507,0
6508,0
6509,8
6510,2
6511,2
6512,9
6513,0
6514,3
6515,9
6516,2
6517,4
6518,3
6519,3
6520,9
6521,7
6522,0
6523,5
6524,1
6525,9
6526,8
6527,3
6528,4
6529,2
6530,4
6531,4
6532,6
6533,0
6534,6
6535,5
6536,8
6537,9
6538,5
6539,0
6540,6
6541,9
6542,9
6543,3
6544,7
6545,6
6546,6
6547,6
6548,0
6549,5
6550,0
6551,0
6552,9
6553,2
6554,7
6555,3
6556,5
6557,8
6558,2
6559,9
6560,6
6561,8
6562,8
6563,1
6564,1
6565,9
6566,9
6567,7
6568,0
6569,6
6570,4
6571,5
6572,2
6573,9
6574,0
6575,5
6576,7
6577,6
6578,8
6579,5
6580,1
6581,7
6582,3
6583,1
6584,1
6585,3
6586,8
6587,6
6588,3
6589,7
6590,7
6591,8
6592,3
6593,7
6594,6
6595,3
6596,4
6597,4
6598,2
6599,9
6600,0
6601,5
6602,1
6603,8
6604,0
6605,7
6606,9
6607,6
6608,0
6609,4
6610,1
6611,8
6612,6
6613,1
6614,7
6615,0
6616,8
6617,3
6618,7
6619,3
6620,3
6621,6
6622,5
6623,8
6624,9
6625,7
6626,5
6627,2
6628,2
6629,7
6630,9
6631,0
6632,0
6633,8
6634,8
6635,0
6636,7
6637,0
6638,9
6639,6
6640,6
6641,2
6642,1
6643,6
6644,1
6645,9
6646,7
6647,4
6648,0
6649,1
6650,8
6651,1
6652,7
6653,2
6654,2
6655,9
6656,0
6657,5
6658,1
6659,6
6660,0
6661,0
6662,5
6663,7
6664,9
6665,7
6666,8
6667,7
6668,7
6669,7
6670,8
6671,6
6672,9
6673,7
6674,4
6675,3
6676,0
6677,9
6678,5
6679,9
6680,2
6681,4
6682,6
6683,7
6684,6
6685,0
6686,1
6687,8
6688,8
6689,3
6690,2
6691,6
6692,3
6693,0
6694,8
6695,4
6696,5
6697,9
6698,7
6699,8
6700,7
6701,9
6702,9
6703,6
6704,8
6705,1
6706,7
6707,5
6708,5
6709,7
6710,5
6711,6
6712,6
6713,6
6714,9
6715,9
6716,7
6717,5
6718,9
6719,0
6720,2
6721,2
6722,0
6723,3
6724,7
6725,1
6726,8
6727,4
6728,6
6729,3
6730,0
6731,5
6732,8
6733,4
6734,9
6735,1
6736,3
6737,3
6738,9
6739,7
6740,4
6741,2
6742,7
6743,0
6744,8
6745,6
6746,8
6747,6
6748,9
6749,6
6750,9
6751,5
6752,5
6753,9
6754,3
6755,6
6756,3
6757,1
6758,3
6759,2
6760,6
6761,2
6762,9
6763,7
6764,3
6765,3
6766,5
6767,8
6768,3
6769,9
6770,8
6771,6
6772,0
6773,9
6774,5
6775,7
6776,2
6777,6
6778,4
6779,0
6780,0
6781,1
6782,3
6783,5
6784,5
6785,9
6786,9
6787,4
6788,8
6789,8
6790,4
6791,5
6792,9
6793,2
6794,7
6795,3
6796,5
6797,8
6798,1
6799,8
6800,8
6801,8
6802,8
6803,7
6804,7
6805,4
6806,4
6807,8
6808,3
6809,2
6810,9
6811,0
6812,6
6813,1
6814,3
6815,5
6816,0
6817,9
6818,5
6819,8
6820,1
6821,7
6822,8
6823,2
6824,2
6825,2
6826,4
6827,5
6828,4
6829,2
6830,6
6831,3
6832,0
6833,2
6834,8
6835,5
6836,2
6837,0
6838,6
6839,1
6840,8
6841,4
6842,9
6843,8
6844,1
6845,5
6846,9
6847,3
6848,5
6849,2
6850,6
6851,5
6852,2
6853,0
6854,5
6855,7
6856,8
6857,5
6858,2
6859,1
6860,8
6861,5
6862,6
6863,8
6864,7
6865,3
6866,5
6867,0
6868,6
6869,6
6870,9
6871,8
6872,9
6873,8
6874,1
6875,9
6876,9
6877,4
6878,4
6879,1
6880,3
6881,2
6882,7
6883,8
6884,4
6885,9
6886,1
6887,6
6888,8
6889,6
6890,3
6891,8
6892,6
6893,7
6894,8
6895,0
6896,5
6897,1
6898,0
6899,6
6900,6
6901,9
6902,3
6903,5
6904,2
6905,1
6906,1
6907,3
6908,3
6909,9
6910,1
6911,1
6912,9
6913,4
6914,6
6915,8
6916,5
6917,8
6918,8
6919,3
6920,0
6921,8
6922,7
6923,5
6924,7
6925,0
6926,0
6927,1
6928,4
6929,6
6930,4
6931,4
6932,8
6933,6
6934,1
6935,7
6936,8
6937,6
6938,7
6939,1
6940,5
6941,3
6942,2
6943,8
6944,5
6945,8
6946,3
6947,3
6948,4
6949,4
6950,0
6951,0
6952,6
6953,9
6954,3
6955,9
6956,6
6957,4
6958,2
6959,3
6960,7
6961,7
6962,3
6963,6
6964,3
6965,6
6966,4
6967,2
6968,9
6969,2
6970,4
6971,7
6972,7
6973,2
6974,8
6975,5
6976,9
6977,3
6978,2
6979,7
6980,5
6981,3
6982,2
6983,2
6984,9
6985,6
6986,5
6987,0
6988,4
6989,8
6990,3
6991,3
6992,5
6993,5
6994,2
6995,1
6996,2
6997,4
6998,6
6999,2
7000,6
7001,0
7002,6
7003,8
7004,9
7005,8
7006,4
7007,2
7008,5
7009,4
7010,4
7011,5
7012,3
7013,2
7014,6
7015,0
7016,9
7017,1
7018,3
7019,6
7020,4
7021,0
7022,9
7023,3
7024,6
7025,9
7026,4
7027,1
7028,3
7029,0
7030,4
7031,4
7032,6
7033,2
7034,1
7035,5
7036,8
7037,2
7038,7
7039,0
7040,0
7041,2
7042,7
7043,1
7044,2
7045,6
7046,1
7047,8
7048,6
7049,6
7050,8
7051,9
7052,4
7053,0
7054,7
7055,9
7056,6
7057,9
7058,0
7059,8
7060,3
7061,2
7062,8
7063,5
7064,1
7065,8
7066,8
7067,0
7068,7
7069,8
7070,2
7071,1
7072,6
7073,9
7074,2
7075,1
7076,5
7077,9
7078,9
7079,0
7080,2
7081,0
7082,1
7083,7
7084,6
7085,3
7086,1
7087,9
7088,0
7089,7
7090,1
7091,1
7092,4
7093,3
7094,6
7095,1
7096,9
7097,4
7098,9
7099,7
7100,6
7101,8
7102,1
7103,1
7104,9
7105,1
7106,7
7107,6
7108,6
7109,9
7110,3
7111,4
7112,7
7113,4
7114,5
7115,6
7116,4
7117,6
7118,5
7119,8
7120,8
7121,0
7122,4
7123,8
7124,4
7125,6
7126,5
7127,7
7128,0
7129,4
7130,8
7131,5
7132,1
7133,5
7134,9
7135,3
7136,7
7137,3
7138,8
7139,6
7140,4
7141,8
7142,2
7143,4
7144,2
7145,0
7146,8
7147,9
7148,6
7149,1
7150,1
7151,4
7152,0
7153,8
7154,1
7155,5
7156,3
7157,3
7158,8
7159,2
7160,0
7161,1
7162,2
7163,7
7164,8
7165,8
7166,0
7167,0
7168,8
7169,1
7170,8
7171,1
7172,7
7173,3
7174,5
7175,3
7176,3
7177,6
7178,3
7179,1
7180,2
7181,2
7182,4
7183,4
7184,1
7185,2
7186,8
7187,1
7188,3
7189,1
7190,8
7191,7
7192,7
7193,6
7194,6
7195,6
7196,1
7197,4
7198,9
7199,1
7200,5
7201,1
7202,5
7203,6
7204,7
7205,2
7206,9
7207,8
7208,3
7209,9
7210,3
7211,7
7212,7
7213,3
7214,8
7215,7
7216,4
7217,6
7218,9
7219,9
7220,8
7221,4
7222,4
7223,1
7224,2
7225,9
7226,5
7227,7
7228,1
7229,8
7230,6
7231,7
7232,4
7233,5
7234,1
7235,8
7236,7
7237,1
7238,8
7239,0
7240,6
7241,2
7242,8
7243,8
7244,1
7245,9
7246,2
7247,2
7248,6
7249,9
7250,4
7251,7
7252,3
7253,3
7254,6
7255,1
7256,4
7257,8
7258,1
7259,9
7260,8
7261,3
7262,0
7263,8
7264,7
7265,7
7266,4
7267,4
7268,0
7269,5
7270,0
7271,5
7272,6
7273,1
7274,3
7275,7
7276,9
7277,4
7278,4
7279,3
7280,0
7281,9
7282,2
7283,8
7284,6
7285,4
7286,6
7287,0
7288,4
7289,9
7290,8
7291,4
7292,4
7293,0
7294,6
7295,1
7296,3
7297,2
7298,3
7299,5
7300,5
7301,1
7302,3
7303,1
7304,7
7305,6
7306,4
7307,6
7308,1
7309,4
7310,5
7311,6
7312,3
7313,1
7314,4
7315,8
7316,4
7317,5
7318,4
7319,0
7320,4
7321,2
7322,1
7323,8
7324,7
7325,3
7326,1
7327,1
7328,2
7329,6
7330,8
7331,7
7332,5
7333,5
7334,1
7335,5
7336,1
7337,6
7338,3
7339,0
7340,0
7341,8
7342,7
7343,9
7344,1
7345,2
7346,9
7347,5
7348,7
7349,5
7350,1
7351,1
7352,3
7353,6
7354,0
7355,2
7356,8
7357,6
7358,1
7359,6
7360,0
7361,1
7362,9
7363,8
7364,4
7365,7
7366,5
7367,0
7368,3
7369,9
7370,7
7371,4
7372,4
7373,9
7374,9
7375,8
7376,0
7377,9
7378,4
7379,4
7380,4
7381,2
7382,7
7383,1
7384,5
7385,8
7386,6
7387,9
7388,7
7389,8
7390,8
7391,2
7392,5
7393,5
7394,2
7395,7
7396,5
7397,8
7398,1
7399,8
7400,5
7401,5
7402,3
7403,0
7404,5
7405,0
7406,7
7407,3
7408,8
7409,8
7410,9
7411,5
7412,6
7413,1
7414,3
7415,9
7416,4
7417,5
7418,0
7419,3
7420,2
7421,6
7422,1
7423,6
7424,4
7425,3
7426,7
7427,1
7428,8
7429,0
7430,9
7431,8
7432,5
7433,5
7434,4
7435,0
7436,0
7437,6
7438,2
7439,9
7440,5
7441,4
7442,9
7443,6
7444,0
7445,4
7446,4
7447,8
7448,5
7449,9
7450,6
7451,2
7452,7
7453,4
7454,5
7455,6
7456,7
7457,9
7458,8
7459,6
7460,0
7461,8
7462,4
7463,3
7464,4
7465,3
7466,8
7467,8
7468,4
7469,0
7470,3
7471,2
7472,8
7473,5
7474,8
7475,9
7476,0
7477,6
7478,3
7479,6
7480,5
7481,6
7482,6
7483,9
7484,6
7485,8
7486,2
7487,0
7488,0
7489,1
7490,0
7491,2
7492,6
7493,9
7494,5
7495,8
7496,3
7497,8
7498,0
7499,9
7500,6
7501,6
7502,2
7503,0
7504,8
7505,5
7506,9
7507,1
7508,0
7509,3
7510,6
7511,6
7512,3
7513,1
7514,5
7515,7
7516,9
7517,0
7518,0
7519,9
7520,6
7521,2
7522,6
7523,3
7524,3
7525,0
7526,3
7527,2
7528,2
7529,3
7530,0
7531,9
7532,9
7533,2
7534,6
7535,7
7536,3
7537,4
7538,7
7539,8
7540,3
7541,8
7542,2
7543,6
7544,5
7545,6
7546,5
7547,2
7548,7
7549,2
7550,0
7551,7
7552,0
7553,2
7554,3
7555,0
7556,4
7557,6
7558,7
7559,5
7560,2
7561,4
7562,4
7563,2
7564,3
7565,7
7566,9
7567,6
7568,7
7569,5
7570,6
7571,8
7572,7
7573,0
7574,5
7575,2
7576,8
7577,4
7578,3
7579,8
7580,8
7581,4
7582,7
7583,0
7584,4
7585,4
7586,3
7587,5
7588,2
7589,3
7590,3
7591,7
7592,8
7593,2
7594,7
7595,2
7596,2
7597,6
7598,6
7599,3
7600,6
7601,8
7602,1
7603,6
7604,2
7605,0
7606,2
7607,1
7608,3
7609,9
7610,3
7611,0
7612,7
7613,2
7614,0
7615,4
7616,6
7617,3
7618,0
7619,1
7620,9
7621,6
7622,7
7623,5
7624,2
7625,1
7626,3
7627,3
7628,3
7629,5
7630,1
7631,6
7632,5
7633,8
7634,5
7635,6
7636,5
7637,8
7638,9
7639,2
7640,8
7641,0
7642,2
7643,7
7644,6
7645,6
7646,8
7647,3
7648,9
7649,5
7650,6
7651,3
7652,0
7653,6
7654,7
7655,7
7656,6
7657,3
7658,9
7659,3
7660,1
7661,9
7662,7
7663,8
7664,4
7665,0
7666,9
7667,4
7668,0
7669,6
7670,1
7671,2
7672,6
7673,1
7674,5
7675,0
7676,1
7677,1
7678,5
7679,3
7680,1
7681,0
7682,7
7683,2
7684,6
7685,3
7686,7
7687,3
7688,7
7689,5
7690,7
7691,2
7692,4
7693,1
7694,6
7695,7
7696,2
7697,5
7698,4
7699,6
7700,7
7701,1
7702,9
7703,0
7704,3
7705,7
7706,2
7707,7
7708,6
7709,1
7710,5
7711,4
7712,1
7713,9
7714,7
7715,4
7716,3
7717,3
7718,9
7719,1
7720,3
7721,4
7722,1
7723,8
7724,9
7725,8
7726,0
7727,8
7728,4
7729,2
7730,7
7731,3
7732,9
7733,4
7734,0
7735,3
7736,3
7737,5
7738,6
7739,6
7740,3
7741,6
7742,0
7743,6
7744,5
7745,9
7746,0
7747,5
7748,5
7749,5
7750,3
7751,4
7752,3
7753,3
7754,7
7755,5
7756,8
7757,6
7758,5
7759,5
7760,8
7761,2
7762,6
7763,8
7764,0
7765,0
7766,7
7767,6
7768,6
7769,3
7770,3
7771,5
7772,7
7773,3
7774,4
7775,2
7776,6
7777,6
7778,8
7779,3
7780,2
7781,6
7782,9
7783,1
7784,6
7785,1
7786,9
7787,3
7788,8
7789,7
7790,0
7791,3
7792,1
7793,8
7794,5
7795,2
7796,3
7797,1
7798,4
7799,2
7800,1
7801,5
7802,7
7803,1
7804,3
7805,9
7806,9
7807,4
7808,1
7809,9
7810,4
7811,8
7812,7
7813,0
7814,7
7815,0
7816,7
7817,8
7818,5
7819,6
7820,7
7821,8
7822,6
7823,8
7824,4
7825,3
7826,5
7827,1
7828,2
7829,0
7830,0
7831,6
7832,7
7833,4
7834,0
7835,8
7836,3
7837,8
7838,2
7839,4
7840,4
7841,8
7842,9
7843,5
7844,6
7845,9
7846,5
7847,0
7848,6
7849,8
7850,7
7851,9
7852,4
7853,5
7854,8
7855,4
7856,1
7857,9
7858,2
7859,8
7860,6
7861,8
7862,2
7863,1
7864,9
7865,8
7866,7
7867,5
7868,0
7869,7
7870,0
7871,0
7872,5
7873,9
7874,6
7875,5
7876,0
7877,5
7878,5
7879,1
7880,0
7881,0
7882,2
7883,7
7884,2
7885,1
7886,3
7887,3
7888,6
7889,8
7890,6
7891,9
7892,3
7893,9
7894,7
7895,1
7896,8
7897,2
7898,3
7899,7
7900,2
7901,0
7902,9
7903,8
7904,2
7905,9
7906,3
7907,0
7908,2
7909,6
7910,4
7911,4
7912,7
7913,6
7914,0
7915,2
7916,6
7917,6
7918,8
7919,2
7920,6
7921,2
7922,9
7923,1
7924,0
7925,6
7926,4
7927,0
7928,8
7929,6
7930,1
7931,5
7932,7
7933,6
7934,7
7935,8
7936,1
7937,8
7938,4
7939,4
7940,0
7941,9
7942,3
7943,0
7944,9
7945,9
7946,8
7947,1
7948,6
7949,3
7950,8
7951,0
7952,2
7953,3
7954,3
7955,0
7956,2
7957,8
7958,7
7959,7
7960,9
7961,8
7962,0
7963,3
7964,8
7965,9
7966,3
7967,3
7968,7
7969,0
7970,1
7971,4
7972,8
7973,5
7974,0
7975,6
7976,7
7977,0
7978,1
7979,4
7980,1
7981,3
7982,9
7983,1
7984,5
7985,8
7986,9
7987,2
7988,5
7989,6
7990,2
7991,1
7992,7
7993,9
7994,4
7995,6
7996,6
7997,6
7998,9
7999,5
8000,0
8001,6
8002,7
8003,0
8004,4
8005,6
8006,3
8007,4
8008,2
8009,2
8010,8
8011,6
8012,6
8013,8
8014,3
8015,7
8016,4
8017,0
8018,8
8019,2
8020,2
8021,1
8022,6
8023,8
8024,4
8025,0
8026,9
8027,3
8028,9
8029,3
8030,4
8031,9
8032,8
8033,5
8034,2
8035,6
8036,1
8037,2
8038,3
8039,3
8040,5
8041,9
8042,9
8043,9
8044,6
8045,1
8046,6
8047,7
8048,0
8049,7
8050,0
8051,5
8052,7
8053,9
8054,1
8055,0
8056,0
8057,9
8058,3
8059,4
8060,4
8061,3
8062,8
8063,6
8064,7
8065,4
8066,0
8067,2
8068,9
8069,5
8070,8
8071,0
8072,9
8073,9
8074,8
8075,3
8076,1
8077,3
8078,0
8079,0
8080,9
8081,2
8082,1
8083,7
8084,1
8085,0
8086,0
8087,8
8088,2
8089,9
8090,0
8091,5
8092,5
8093,9
8094,4
8095,6
8096,0
8097,5
8098,9
8099,4
8100,6
8101,2
8102,4
8103,8
8104,5
8105,4
8106,3
8107,1
8108,0
8109,8
8110,4
8111,0
8112,7
8113,8
8114,6
8115,5
8116,6
8117,1
8118,9
8119,7
8120,2
8121,4
8122,8
8123,6
8124,5
8125,1
8126,0
8127,1
8128,0
8129,0
8130,8
8131,1
8132,6
8133,4
8134,5
8135,4
8136,9
8137,3
8138,4
8139,2
8140,0
8141,2
8142,6
8143,9
8144,7
8145,9
8146,1
8147,9
8148,7
8149,3
8150,3
8151,0
8152,4
8153,7
8154,4
8155,6
8156,6
8157,5
8158,4
8159,1
8160,5
8161,7
8162,5
8163,6
8164,3
8165,2
8166,5
8167,8
8168,8
8169,0
8170,4
8171,2
8172,6
8173,6
8174,3
8175,5
8176,2
8177,5
8178,9
8179,8
8180,3
8181,4
8182,5
8183,5
8184,5
8185,6
8186,1
8187,3
8188,3
8189,6
8190,8
8191,5
8192,5
8193,1
8194,4
8195,2
8196,9
8197,4
8198,8
8199,2
8200,7
8201,2
8202,9
8203,8
8204,2
8205,8
8206,3
8207,9
8208,5
8209,8
8210,1
8211,2
8212,0
8213,8
8214,1
8215,1
8216,6
8217,7
8218,2
8219,4
8220,2
8221,3
8222,0
8223,9
8224,9
8225,3
8226,9
8227,2
8228,9
8229,1
8230,2
8231,7
8232,6
8233,5
8234,8
8235,6
8236,7
8237,0
8238,2
8239,2
8240,5
8241,4
8242,4
8243,5
8244,1
8245,1
8246,3
8247,8
8248,2
8249,1
8250,1
8251,7
8252,2
8253,2
8254,5
8255,9
8256,5
8257,5
8258,7
8259,4
8260,1
8261,9
8262,2
8263,1
8264,6
8265,0
8266,3
8267,1
8268,3
8269,8
8270,7
8271,8
8272,2
8273,2
8274,5
8275,2
8276,8
8277,4
8278,0
8279,2
8280,5
8281,0
8282,5
8283,9
8284,2
8285,6
8286,3
8287,5
8288,1
8289,4
8290,8
8291,7
8292,8
8293,3
8294,9
8295,5
8296,9
8297,0
8298,1
8299,1
8300,5
8301,1
8302,2
8303,4
8304,1
8305,6
8306,0
8307,8
8308,1
8309,6
8310,9
8311,1
8312,0
8313,0
8314,4
8315,6
8316,5
8317,5
8318,8
8319,7
8320,6
8321,1
8322,6
8323,3
8324,9
8325,1
8326,3
8327,6
8328,3
8329,5
8330,5
8331,0
8332,1
8333,8
8334,3
8335,4
8336,6
8337,9
8338,1
8339,0
8340,0
8341,6
8342,3
8343,6
8344,2
8345,8
8346,0
8347,7
8348,0
8349,2
8350,7
8351,5
8352,3
8353,4
8354,2
8355,8
8356,5
8357,4
8358,1
8359,8
8360,9
8361,5
8362,6
8363,6
8364,7
8365,1
8366,9
8367,9
8368,8
8369,3
8370,6
8371,8
8372,9
8373,5
8374,6
8375,5
8376,0
8377,3
8378,2
8379,4
8380,8
8381,5
8382,4
8383,2
8384,2
8385,8
8386,4
8387,7
8388,4
8389,2
8390,4
8391,4
8392,9
8393,1
8394,1
8395,5
8396,1
8397,7
8398,0
8399,3
8400,2
8401,7
8402,1
8403,4
8404,4
8405,6
8406,1
8407,2
8408,6
8409,9
8410,9
8411,3
8412,2
8413,8
8414,5
8415,4
8416,7
8417,8
8418,2
8419,2
8420,6
8421,4
8422,0
8423,3
8424,8
8425,0
8426,7
8427,3
8428,0
8429,3
8430,9
8431,8
8432,6
8433,8
8434,6
8435,9
8436,3
8437,4
8438,9
8439,2
8440,7
8441,3
8442,2
8443,5
8444,7
8445,0
8446,3
8447,7
8448,0
8449,8
8450,4
8451,6
8452,8
8453,2
8454,6
8455,6
8456,0
8457,0
8458,7
8459,9
8460,1
8461,7
8462,6
8463,5
8464,0
8465,1
8466,8
8467,5
8468,2
8469,9
8470,1
8471,9
8472,9
8473,2
8474,7
8475,3
8476,8
8477,4
8478,9
8479,3
8480,5
8481,5
8482,4
8483,7
8484,8
8485,8
8486,4
8487,9
8488,1
8489,6
8490,3
8491,1
8492,1
8493,8
8494,0
8495,7
8496,4
8497,9
8498,1
8499,1
8500,4
8501,3
8502,4
8503,1
8504,7
8505,8
8506,0
8507,1
8508,6
8509,7
8510,9
8511,0
8512,5
8513,9
8514,6
8515,5
8516,9
8517,7
8518,4
8519,5
8520,6
8521,3
8522,8
8523,9
8524,1
8525,5
8526,9
8527,1
8528,2
8529,3
8530,0
8531,5
8532,6
8533,8
8534,2
8535,5
8536,2
8537,3
8538,0
8539,8
8540,7
8541,4
8542,1
8543,7
8544,6
8545,6
8546,3
8547,1
8548,9
8549,9
8550,0
8551,3
8552,2
8553,6
8554,6
8555,2
8556,7
8557,9
8558,1
8559,5
8560,0
8561,0
8562,8
8563,6
8564,0
8565,4
8566,1
8567,8
8568,7
8569,9
8570,8
8571,1
8572,1
8573,4
8574,2
8575,4
8576,1
8577,3
8578,9
8579,4
8580,2
8581,1
8582,9
8583,2
8584,6
8585,7
8586,2
8587,0
8588,0
8589,2
8590,4
8591,4
8592,5
8593,3
8594,6
8595,0
8596,5
8597,8
8598,6
8599,1
8600,8
8601,6
8602,3
8603,8
8604,5
8605,2
8606,8
8607,8
8608,8
8609,0
8610,7
8611,5
8612,0
8613,5
8614,5
8615,3
8616,5
8617,4
8618,1
8619,6
8620,3
8621,1
8622,9
8623,8
8624,8
8625,2
8626,4
8627,1
8628,6
8629,5
8630,5
8631,6
8632,3
8633,5
8634,0
8635,6
8636,5
8637,7
8638,9
8639,3
8640,4
8641,2
8642,0
8643,9
8644,9
8645,4
8646,3
8647,7
8648,9
8649,9
8650,3
8651,8
8652,8
8653,8
8654,0
8655,9
8656,4
8657,3
8658,3
8659,7
8660,7
8661,0
8662,5
8663,3
8664,2
8665,9
8666,0
8667,5
8668,5
8669,2
8670,4
8671,7
8672,9
8673,7
8674,9
8675,1
8676,4
8677,9
8678,0
8679,5
8680,3
8681,6
8682,2
8683,5
8684,7
8685,5
8686,1
8687,7
8688,1
8689,4
8690,9
8691,2
8692,1
8693,2
8694,1
8695,8
8696,0
8697,6
8698,3
8699,9
8700,0
8701,4
8702,6
8703,1
8704,1
8705,9
8706,9
8707,0
8708,0
8709,6
8710,8
8711,3
8712,1
8713,1
8714,8
8715,3
8716,3
8717,3
8718,5
8719,8
8720,0
8721,7
8722,2
8723,1
8724,7
8725,3
8726,3
8727,7
8728,6
8729,3
8730,0
8731,4
8732,7
8733,0
8734,1
8735,9
8736,4
8737,8
8738,4
8739,1
8740,9
8741,4
8742,1
8743,0
8744,2
8745,2
8746,9
8747,1
8748,5
8749,2
8750,0
8751,6
8752,7
8753,2
8754,8
8755,0
8756,2
8757,3
8758,2
8759,4
8760,3
8761,3
8762,0
8763,2
8764,4
8765,5
8766,8
8767,2
8768,9
8769,2
8770,8
8771,6
8772,7
8773,5
8774,2
8775,1
8776,3
8777,0
8778,6
8779,8
8780,6
8781,7
8782,9
8783,1
8784,8
8785,8
8786,9
8787,2
8788,4
8789,0
8790,2
8791,2
8792,4
8793,4
8794,6
8795,1
8796,4
8797,1
8798,2
8799,2
8800,7
8801,2
8802,9
8803,1
8804,9
8805,9
8806,3
8807,1
8808,3
8809,8
8810,9
8811,3
8812,7
8813,0
8814,8
8815,3
8816,3
8817,4
8818,0
8819,2
8820,3
8821,6
8822,3
8823,0
8824,6
8825,4
8826,8
8827,3
8828,0
8829,9
8830,5
8831,6
8832,8
8833,4
8834,6
8835,4
8836,7
8837,6
8838,2
8839,3
8840,8
8841,6
8842,8
8843,4
8844,8
8845,0
8846,9
8847,2
8848,3
8849,4
8850,7
8851,4
8852,8
8853,4
8854,4
8855,5
8856,9
8857,7
8858,3
8859,0
8860,2
8861,9
8862,6
8863,9
8864,9
8865,1
8866,5
8867,0
8868,0
8869,0
8870,1
8871,6
8872,6
8873,0
8874,7
8875,2
8876,8
8877,9
8878,8
8879,0
8880,5
8881,6
8882,1
8883,0
8884,6
8885,8
8886,8
8887,0
8888,4
8889,1
8890,3
8891,3
8892,2
8893,3
8894,0
8895,9
8896,2
8897,6
8898,1
8899,8
8900,9
8901,9
8902,4
8903,5
8904,2
8905,5
8906,9
8907,1
8908,7
8909,3
8910,5
8911,1
8912,9
8913,6
8914,2
8915,2
8916,9
8917,3
8918,3
8919,6
8920,8
8921,0
8922,6
8923,5
8924,6
8925,5
8926,3
8927,1
8928,8
8929,6
8930,4
8931,8
8932,6
8933,0
8934,4
8935,9
8936,6
8937,5
8938,7
8939,5
8940,5
8941,2
8942,1
8943,0
8944,1
8945,8
8946,5
8947,7
8948,6
8949,4
8950,8
8951,9
8952,8
8953,8
8954,8
8955,0
8956,3
8957,6
8958,6
8959,9
8960,2
8961,2
8962,5
8963,0
8964,2
8965,5
8966,3
8967,8
8968,2
8969,5
8970,6
8971,3
8972,1
8973,9
8974,4
8975,6
8976,9
8977,5
8978,6
8979,4
8980,7
8981,9
8982,4
8983,2
8984,6
8985,5
8986,7
8987,6
8988,3
8989,5
8990,9
8991,3
8992,4
8993,5
8994,0
8995,9
8996,1
8997,1
8998,7
8999,3
9000,6
9001,7
9002,8
9003,6
9004,3
9005,3
9006,3
9007,1
9008,3
9009,2
9010,9
9011,6
9012,7
9013,8
9014,3
9015,5
9016,6
9017,1
9018,8
9019,2
9020,6
9021,9
9022,9
9023,0
9024,0
9025,3
9026,8
9027,5
9028,3
9029,8
9030,5
9031,9
9032,8
9033,2
9034,6
9035,6
9036,7
9037,5
9038,2
9039,8
9040,8
9041,1
9042,3
9043,5
9044,1
9045,7
9046,5
9047,9
9048,4
9049,5
9050,7
9051,9
9052,4
9053,9
9054,2
9055,7
9056,1
9057,1
9058,9
9059,4
9060,8
9061,7
9062,2
9063,6
9064,6
9065,5
9066,0
9067,9
9068,4
9069,7
9070,8
9071,8
9072,7
9073,7
9074,0
9075,5
9076,6
9077,4
9078,8
9079,1
9080,2
9081,6
9082,9
9083,6
9084,6
9085,5
9086,0
9087,5
9088,2
9089,6
9090,5
9091,0
9092,2
9093,6
9094,4
9095,9
9096,0
9097,6
9098,2
9099,8
9100,1
9101,8
9102,5
9103,9
9104,2
9105,3
9106,9
9107,9
9108,4
9109,0
9110,7
9111,3
9112,3
9113,7
9114,4
9115,8
9116,1
9117,5
9118,1
9119,8
9120,5
9121,5
9122,5
9123,2
9124,2
9125,5
9126,3
9127,7
9128,8
9129,3
9130,6
9131,2
9132,2
9133,7
9134,8
9135,7
9136,8
9137,1
9138,2
9139,3
9140,6
9141,1
9142,4
9143,1
9144,6
9145,7
9146,9
9147,1
9148,2
9149,1
9150,6
9151,1
9152,6
9153,0
9154,3
9155,7
9156,3
9157,9
9158,2
9159,2
9160,7
9161,3
9162,4
9163,0
9164,4
9165,6
9166,5
9167,4
9168,0
9169,5
9170,0
9171,5
9172,4
9173,4
9174,1
9175,7
9176,6
9177,3
9178,3
9179,7
9180,0
9181,1
9182,9
9183,9
9184,8
9185,4
9186,1
9187,8
9188,0
9189,4
9190,5
9191,3
9192,0
9193,8
9194,8
9195,0
9196,0
9197,8
9198,3
9199,6
9200,7
9201,1
9202,3
9203,6
9204,7
9205,6
9206,5
9207,7
9208,7
9209,8
9210,8
9211,5
9212,6
9213,6
9214,2
9215,9
9216,1
9217,4
9218,7
9219,1
9220,4
9221,6
9222,9
9223,3
9224,1
9225,7
9226,7
9227,4
9228,5
9229,4
9230,7
9231,0
9232,1
9233,4
9234,2
9235,2
9236,9
9237,9
9238,0
9239,9
9240,6
9241,7
9242,0
9243,0
9244,5
9245,6
9246,4
9247,8
9248,8
9249,8
9250,1
9251,7
9252,0
9253,5
9254,8
9255,0
9256,9
9257,9
9258,9
9259,1
9260,5
9261,8
9262,3
9263,5
9264,1
9265,8
9266,8
9267,5
9268,4
9269,7
9270,8
9271,7
9272,4
9273,6
9274,4
9275,3
9276,3
9277,9
9278,7
9279,5
9280,6
9281,2
9282,2
9283,1
9284,6
9285,8
9286,0
9287,4
9288,6
9289,5
9290,0
9291,5
9292,5
9293,0
9294,1
9295,4
9296,8
9297,8
9298,1
9299,3
9300,9
9301,6
9302,5
9303,0
9304,1
9305,8
9306,5
9307,4
9308,1
9309,5
9310,8
9311,5
9312,6
9313,5
9314,5
9315,3
9316,7
9317,5
9318,4
9319,1
9320,5
9321,5
9322,1
9323,5
9324,1
9325,7
9326,6
9327,9
9328,4
9329,1
9330,3
9331,7
9332,5
9333,7
9334,4
9335,6
9336,8
9337,0
9338,9
9339,2
9340,6
9341,5
9342,6
9343,7
9344,4
9345,3
9346,8
9347,1
9348,1
9349,6
9350,1
9351,1
9352,5
9353,4
9354,9
9355,8
9356,9
9357,2
9358,6
9359,5
9360,3
9361,2
9362,2
9363,2
9364,4
9365,7
9366,2
9367,3
9368,5
9369,6
9370,2
9371,0
9372,7
9373,2
9374,9
9375,1
9376,9
9377,5
9378,1
9379,3
9380,6
9381,6
9382,4
9383,5
9384,8
9385,3
9386,3
9387,0
9388,8
9389,3
9390,4
9391,1
9392,5
9393,4
9394,3
9395,6
9396,3
9397,8
9398,1
9399,8
9400,0
9401,9
9402,0
9403,7
9404,2
9405,9
9406,1
9407,6
9408,0
9409,4
9410,9
9411,5
9412,1
9413,0
9414,3
9415,1
9416,4
9417,1
9418,0
9419,9
9420,1
9421,8
9422,6
9423,5
9424,6
9425,6
9426,1
9427,6
9428,0
9429,2
9430,1
9431,3
9432,3
9433,8
9434,2
9435,0
9436,8
9437,0
9438,9
9439,0
9440,9
9441,1
9442,8
9443,7
9444,0
9445,2
9446,9
9447,2
9448,3
9449,9
9450,2
9451,7
9452,5
9453,2
9454,7
9455,9
9456,0
9457,2
9458,6
9459,9
9460,7
9461,0
9462,3
9463,4
9464,3
9465,2
9466,6
9467,0
9468,6
9469,9
9470,8
9471,8
9472,7
9473,8
9474,9
9475,1
9476,5
9477,1
9478,8
9479,7
9480,6
9481,0
9482,3
9483,9
9484,4
9485,5
9486,7
9487,7
9488,0
9489,6
9490,1
9491,6
9492,7
9493,8
9494,2
9495,5
9496,7
9497,0
9498,7
9499,3
9500,7
9501,3
9502,2
9503,7
9504,8
9505,2
9506,1
9507,8
9508,5
9509,8
9510,0
9511,3
9512,0
9513,0
9514,0
9515,9
9516,5
9517,3
9518,6
9519,8
9520,1
9521,5
9522,3
9523,2
9524,0
9525,7
9526,8
9527,0
9528,7
9529,9
9530,5
9531,7
9532,0
9533,7
9534,3
9535,5
9536,0
9537,7
9538,9
9539,1
9540,0
9541,9
9542,2
9543,9
9544,5
9545,1
9546,9
9547,6
9548,7
9549,5
9550,5
9551,0
9552,0
9553,0
9554,1
9555,7
9556,5
9557,1
9558,0
9559,2
9560,8
9561,7
9562,6
9563,9
9564,6
9565,0
9566,0
9567,0
9568,9
9569,8
9570,5
9571,0
9572,5
9573,2
9574,8
9575,2
9576,2
9577,2
9578,7
9579,8
9580,9
9581,2
9582,0
9583,8
9584,7
9585,6
9586,1
9587,7
9588,8
9589,9
9590,3
9591,3
9592,9
9593,8
9594,8
9595,8
9596,6
9597,7
9598,8
9599,0
9600,3
9601,4
9602,8
9603,5
9604,2
9605,5
9606,5
9607,3
9608,1
9609,6
9610,5
9611,2
9612,1
9613,0
9614,3
9615,2
9616,5
9617,8
9618,2
9619,9
9620,3
9621,6
9622,0
9623,6
9624,1
9625,9
9626,0
9627,0
9628,4
9629,4
9630,1
9631,7
9632,3
9633,2
9634,2
9635,6
9636,8
9637,9
9638,8
9639,1
9640,9
9641,6
9642,6
9643,1
9644,1
9645,7
9646,6
9647,5
9648,3
9649,2
9650,7
9651,0
9652,7
9653,0
9654,6
9655,0
9656,1
9657,2
9658,9
9659,8
9660,6
9661,1
9662,4
9663,6
9664,2
9665,0
9666,0
9667,4
9668,9
9669,1
9670,4
9671,7
9672,6
9673,5
9674,9
9675,4
9676,0
9677,5
9678,3
9679,8
9680,8
9681,5
9682,5
9683,6
9684,1
9685,0
9686,0
9687,4
9688,8
9689,6
9690,8
9691,5
9692,3
9693,7
9694,4
9695,2
9696,8
9697,5
9698,5
9699,7
9700,6
9701,5
9702,2
9703,7
9704,1
9705,0
9706,0
9707,1
9708,7
9709,9
9710,7
9711,8
9712,3
9713,8
9714,7
9715,8
9716,5
9717,3
9718,2
9719,9
9720,5
9721,5
9722,6
9723,3
9724,6
9725,9
9726,5
9727,8
9728,4
9729,2
9730,5
9731,5
9732,8
9733,6
9734,3
9735,9
9736,6
9737,4
9738,3
9739,4
9740,5
9741,0
9742,5
9743,4
9744,5
9745,4
9746,4
9747,9
9748,7
9749,3
9750,6
9751,9
9752,8
9753,7
9754,7
9755,5
9756,5
9757,6
9758,8
9759,3
9760,0
9761,2
9762,1
9763,1
9764,3
9765,1
9766,6
9767,4
9768,9
9769,9
9770,5
9771,5
9772,9
9773,3
9774,1
9775,7
9776,2
9777,2
9778,5
9779,7
9780,4
9781,2
9782,4
9783,2
9784,1
9785,9
9786,1
9787,8
9788,6
9789,6
9790,7
9791,7
9792,1
9793,3
9794,0
9795,5
9796,0
9797,1
9798,2
9799,2
9800,0
9801,3
9802,1
9803,8
9804,9
9805,0
9806,2
9807,3
9808,9
9809,9
9810,8
9811,6
9812,0
9813,7
9814,2
9815,6
9816,3
9817,3
9818,2
9819,5
9820,8
9821,1
9822,8
9823,3
9824,7
9825,7
9826,9
9827,7
9828,1
9829,8
9830,9
9831,9
9832,8
9833,8
9834,9
9835,3
9836,8
9837,3
9838,1
9839,0
9840,4
9841,1
9842,9
9843,9
9844,2
9845,6
9846,2
9847,7
9848,3
9849,0
9850,3
9851,9
9852,2
9853,4
9854,8
9855,1
9856,3
9857,3
9858,6
9859,6
9860,0
9861,9
9862,9
9863,1
9864,8
9865,6
9866,5
9867,2
9868,2
9869,8
9870,4
9871,5
9872,9
9873,6
9874,5
9875,3
9876,7
9877,3
9878,4
9879,4
9880,7
9881,6
9882,8
9883,2
9884,0
9885,6
9886,1
9887,0
9888,6
9889,3
9890,1
9891,7
9892,1
9893,5
9894,7
9895,4
9896,7
9897,6
9898,4
9899,8
9900,6
9901,2
9902,0
9903,1
9904,9
9905,9
9906,6
9907,8
9908,7
9909,2
9910,2
9911,5
9912,4
9913,5
9914,8
9915,5
9916,8
9917,2
9918,3
9919,2
9920,1
9921,2
9922,5
9923,1
9924,9
9925,2
9926,2
9927,2
9928,0
9929,3
9930,3
9931,2
9932,4
9933,0
9934,8
9935,3
9936,7
9937,3
9938,0
9939,8
9940,8
9941,8
9942,1
9943,1
9944,1
9945,2
9946,1
9947,4
9948,8
9949,7
9950,8
9951,2
9952,2
9953,7
9954,2
9955,8
9956,6
9957,1
9958,8
9959,9
9960,9
9961,2
9962,0
9963,6
9964,8
9965,0
9966,9
9967,8
9968,7
9969,8
9970,3
9971,0
9972,9
9973,9
9974,8
9975,7
9976,3
9977,2
9978,3
9979,0
9980,8
9981,0
9982,5
9983,6
9984,9
9985,3
9986,7
9987,7
9988,2
9989,4
9990,4
9991,4
9992,3
9993,6
9994,4
9995,0
9996,8
9997,2
9998,7
9999,8
10000,8
10001,6
10002,1
10003,6
10004,9
10005,8
10006,3
10007,4
10008,3
10009,2
10010,5
10011,6
10012,7
10013,6
10014,0
10015,6
10016,8
10017,2
10018,0
10019,0
10020,0
10021,1
10022,1
10023,1
10024,5
10025,9
10026,6
10027,2
10028,0
10029,0
10030,9
10031,3
10032,2
10033,0
10034,6
10035,4
10036,1
10037,0
10038,2
10039,5
10040,5
10041,6
10042,6
10043,8
10044,9
10045,3
10046,2
10047,2
10048,3
10049,5
10050,9
10051,0
10052,6
10053,8
10054,4
10055,9
10056,5
10057,3
10058,3
10059,5
10060,6
10061,9
10062,7
10063,8
10064,0
10065,2
10066,6
10067,4
10068,7
10069,2
10070,4
10071,5
10072,8
10073,1
10074,2
10075,9
10076,0
10077,4
10078,4
10079,4
10080,8
10081,8
10082,2
10083,5
10084,1
10085,7
10086,0
10087,7
10088,9
10089,3
10090,2
10091,5
10092,9
10093,8
10094,9
10095,6
10096,0
10097,4
10098,5
10099,0
10100,8
10101,8
10102,8
10103,6
10104,3
10105,5
10106,1
10107,5
10108,2
10109,5
10110,7
10111,2
10112,7
10113,6
10114,3
10115,0
10116,3
10117,3
10118,1
10119,5
10120,9
10121,0
10122,3
10123,6
10124,3
10125,4
10126,3
10127,2
10128,5
10129,4
10130,0
10131,1
10132,3
10133,0
10134,6
10135,0
10136,2
10137,0
10138,1
10139,9
10140,4
10141,0
10142,7
10143,0
10144,2
10145,6
10146,4
10147,6
10148,3
10149,1
10150,2
10151,1
10152,4
10153,2
10154,5
10155,3
10156,4
10157,1
10158,8
10159,6
10160,1
10161,2
10162,5
10163,1
10164,8
10165,3
10166,8
10167,3
10168,5
10169,3
10170,4
10171,9
10172,5
10173,6
10174,0
10175,2
10176,6
10177,2
10178,2
10179,8
10180,7
10181,9
10182,1
10183,1
10184,6
10185,0
10186,2
10187,0
10188,1
10189,2
10190,9
10191,6
10192,5
10193,3
10194,9
10195,4
10196,6
10197,4
10198,1
10199,2
10200,3
10201,8
10202,4
10203,1
10204,7
10205,6
10206,8
10207,5
10208,5
10209,0
10210,9
10211,7
10212,0
10213,8
10214,4
10215,8
10216,6
10217,8
10218,6
10219,3
10220,4
10221,3
10222,2
10223,6
10224,2
10225,3
10226,9
10227,5
10228,2
10229,9
10230,7
10231,7
10232,2
10233,4
10234,6
10235,1
10236,6
10237,7
10238,4
10239,9
10240,8
10241,3
10242,3
10243,5
10244,3
10245,0
10246,7
10247,6
10248,5
10249,7
10250,2
10251,2
10252,7
10253,4
10254,9
10255,4
10256,3
10257,4
10258,3
10259,6
10260,9
10261,6
10262,8
10263,3
10264,8
10265,3
10266,9
10267,0
10268,5
10269,0
10270,4
10271,3
10272,4
10273,5
10274,8
10275,9
10276,2
10277,2
10278,2
10279,7
10280,2
10281,2
10282,7
10283,8
10284,8
10285,3
10286,7
10287,8
10288,8
10289,0
10290,4
10291,9
10292,0
10293,5
10294,8
10295,3
10296,0
10297,7
10298,4
10299,2
10300,1
10301,9
10302,8
10303,5
10304,6
10305,5
10306,9
10307,8
10308,7
10309,9
10310,7
10311,9
10312,6
10313,1
10314,7
10315,0
10316,6
10317,3
10318,5
10319,8
10320,4
10321,9
10322,3
10323,6
10324,5
10325,3
10326,4
10327,7
10328,5
10329,9
10330,7
10331,7
10332,8
10333,8
10334,9
10335,5
10336,1
10337,6
10338,6
10339,4
10340,2
10341,6
10342,1
10343,4
10344,3
10345,1
10346,8
10347,6
10348,5
10349,2
10350,2
10351,3
10352,8
10353,1
10354,3
10355,4
10356,7
10357,0
10358,7
10359,3
10360,9
10361,1
10362,1
10363,3
10364,1
10365,3
10366,2
10367,2
10368,2
10369,9
10370,8
10371,2
10372,4
10373,7
10374,3
10375,7
10376,5
10377,1
10378,8
10379,1
10380,3
10381,6
10382,2
10383,9
10384,5
10385,8
10386,5
10387,3
10388,0
10389,0
10390,3
10391,2
10392,6
10393,9
10394,8
10395,1
10396,7
10397,5
10398,1
10399,8
10400,3
10401,8
10402,7
10403,8
10404,4
10405,3
10406,9
10407,3
10408,8
10409,7
10410,9
10411,3
10412,9
10413,2
10414,8
10415,9
10416,6
10417,7
10418,8
10419,7
10420,9
10421,6
10422,9
10423,7
10424,6
10425,9
10426,1
10427,7
10428,0
10429,1
10430,9
10431,6
10432,8
10433,4
10434,2
10435,7
10436,3
10437,6
10438,0
10439,4
10440,6
10441,3
10442,6
10443,3
10444,0
10445,6
10446,7
10447,9
10448,7
10449,0
10450,3
10451,9
10452,1
10453,9
10454,8
10455,0
10456,1
10457,2
10458,1
10459,0
10460,1
10461,5
10462,4
10463,2
10464,8
10465,7
10466,3
10467,2
10468,7
10469,2
10470,6
10471,9
10472,7
10473,9
10474,5
10475,4
10476,8
10477,5
10478,5
10479,2
10480,5
10481,5
10482,8
10483,5
10484,4
10485,7
10486,2
10487,4
10488,8
10489,7
10490,6
10491,8
10492,9
10493,1
10494,0
10495,9
10496,9
10497,8
10498,4
10499,0
10500,0
10501,2
10502,3
10503,1
10504,8
10505,5
10506,8
10507,5
10508,8
10509,1
10510,2
10511,2
10512,8
10513,4
10514,0
10515,2
10516,6
10517,5
10518,0
10519,5
10520,8
10521,1
10522,0
10523,4
10524,4
10525,3
10526,0
10527,2
10528,4
10529,7
10530,1
10531,6
10532,8
10533,6
10534,6
10535,1
10536,7
10537,2
10538,4
10539,9
10540,6
10541,7
10542,4
10543,3
10544,3
10545,4
10546,8
10547,1
10548,8
10549,0
10550,0
10551,4
10552,4
10553,9
10554,4
10555,1
10556,8
10557,6
10558,1
10559,4
10560,4
10561,2
10562,3
10563,3
10564,5
10565,1
10566,1
10567,8
10568,5
10569,7
10570,0
10571,7
10572,6
10573,5
10574,4
10575,6
10576,3
10577,6
10578,0
10579,3
10580,9
10581,8
10582,9
10583,4
10584,0
10585,5
10586,4
10587,3
10588,8
10589,2
10590,2
10591,0
10592,9
10593,9
10594,7
10595,0
10596,5
10597,9
10598,3
10599,8
10600,1
10601,7
10602,0
10603,8
10604,4
10605,7
10606,9
10607,6
10608,0
10609,4
10610,5
10611,2
10612,4
10613,1
10614,3
10615,7
10616,4
10617,1
10618,8
10619,2
10620,8
10621,9
10622,7
10623,7
10624,5
10625,1
10626,9
10627,1
10628,7
10629,7
10630,3
10631,6
10632,3
10633,9
10634,5
10635,9
10636,5
10637,7
10638,0
10639,7
10640,5
10641,3
10642,6
10643,7
10644,8
10645,6
10646,7
10647,4
10648,4
10649,8
10650,2
10651,0
10652,4
10653,4
10654,9
10655,2
10656,4
10657,1
10658,9
10659,8
10660,4
10661,7
10662,8
10663,2
10664,6
10665,9
10666,3
10667,8
10668,2
10669,5
10670,3
10671,6
10672,4
10673,6
10674,5
10675,2
10676,0
10677,2
10678,3
10679,7
10680,8
10681,0
10682,1
10683,9
10684,4
10685,4
10686,7
10687,1
10688,1
10689,6
10690,1
10691,3
10692,4
10693,2
10694,0
10695,0
10696,9
10697,3
10698,4
10699,1
10700,0
10701,1
10702,5
10703,1
10704,1
10705,1
10706,5
10707,6
10708,9
10709,9
10710,8
10711,8
10712,0
10713,4
10714,8
10715,2
10716,3
10717,1
10718,1
10719,3
10720,1
10721,4
10722,8
10723,0
10724,9
10725,2
10726,4
10727,9
10728,8
10729,2
10730,2
10731,4
10732,3
10733,6
10734,9
10735,4
10736,6
10737,0
10738,4
10739,3
10740,4
10741,1
10742,6
10743,6
10744,5
10745,1
10746,2
10747,4
10748,7
10749,4
10750,3
10751,9
10752,7
10753,1
10754,6
10755,5
10756,5
10757,6
10758,3
10759,3
10760,0
10761,2
10762,0
10763,1
10764,7
10765,8
10766,0
10767,1
10768,7
10769,0
10770,4
10771,2
10772,2
10773,7
10774,0
10775,6
10776,5
10777,3
10778,4
10779,2
10780,2
10781,2
10782,7
10783,0
10784,4
10785,3
10786,9
10787,9
10788,1
10789,9
10790,6
10791,5
10792,4
10793,6
10794,6
10795,6
10796,5
10797,3
10798,2
10799,9
10800,6
10801,7
10802,8
10803,3
10804,9
10805,7
10806,5
10807,0
10808,9
10809,8
10810,5
10811,7
10812,9
10813,6
10814,8
10815,4
10816,8
10817,8
10818,0
10819,2
10820,6
10821,0
10822,2
10823,0
10824,9
10825,7
10826,6
10827,7
10828,7
10829,1
10830,5
10831,1
10832,4
10833,6
10834,5
10835,1
10836,1
10837,6
10838,5
10839,9
10840,8
10841,7
10842,9
10843,4
10844,0
10845,8
10846,8
10847,7
10848,8
10849,6
10850,3
10851,5
10852,9
10853,4
10854,3
10855,2
10856,5
10857,4
10858,4
10859,1
10860,4
10861,6
10862,9
10863,9
10864,1
10865,3
10866,7
10867,0
10868,7
10869,8
10870,0
10871,0
10872,4
10873,0
10874,3
10875,5
10876,4
10877,2
10878,9
10879,0
10880,3
10881,0
10882,0
10883,8
10884,3
10885,5
10886,1
10887,3
10888,7
10889,7
10890,6
10891,3
10892,5
10893,5
10894,9
10895,2
10896,5
10897,8
10898,3
10899,6
10900,2
10901,2
10902,5
10903,1
10904,2
10905,1
10906,2
10907,1
10908,9
10909,9
10910,3
10911,6
10912,2
10913,6
10914,9
10915,2
10916,8
10917,5
10918,5
10919,1
10920,8
10921,9
10922,1
10923,5
10924,1
10925,4
10926,6
10927,9
10928,0
10929,0
10930,7
10931,1
10932,3
10933,0
10934,6
10935,7
10936,8
10937,3
10938,1
10939,4
10940,5
10941,3
10942,2
10943,7
10944,2
10945,8
10946,0
10947,5
10948,5
10949,3
10950,3
10951,0
10952,9
10953,2
10954,9
10955,0
10956,8
10957,7
10958,7
10959,1
10960,8
10961,8
10962,5
10963,0
10964,1
10965,1
10966,8
10967,4
10968,6
10969,9
10970,2
10971,6
10972,6
10973,9
10974,3
10975,9
10976,5
10977,4
10978,0
10979,6
10980,3
10981,7
10982,8
10983,2
10984,3
10985,2
10986,5
10987,5
10988,8
10989,8
10990,6
10991,7
10992,4
10993,6
10994,3
10995,4
10996,4
10997,7
10998,5
10999,6
11000,0
11001,7
11002,1
11003,8
11004,8
11005,6
11006,8
11007,5
11008,0
11009,8
11010,6
11011,6
11012,0
11013,9
11014,4
11015,5
11016,3
11017,5
11018,8
11019,7
11020,6
11021,3
11022,4
11023,6
11024,7
11025,6
11026,1
11027,3
11028,9
11029,4
11030,9
11031,6
11032,9
11033,0
11034,1
11035,9
11036,5
11037,5
11038,9
11039,1
11040,0
11041,2
11042,4
11043,4
11044,0
11045,0
11046,4
11047,5
11048,4
11049,3
11050,5
11051,5
11052,3
11053,7
11054,6
11055,1
11056,5
11057,7
11058,3
11059,9
11060,4
11061,8
11062,3
11063,9
11064,1
11065,8
11066,4
11067,2
11068,9
11069,8
11070,2
11071,5
11072,4
11073,1
11074,2
11075,7
11076,4
11077,3
11078,0
11079,9
11080,4
11081,1
11082,5
11083,5
11084,0
11085,9
11086,3
11087,7
11088,2
11089,2
11090,1
11091,2
11092,9
11093,3
11094,9
11095,9
11096,5
11097,5
11098,8
11099,0
11100,3
11101,2
11102,9
11103,4
11104,8
11105,7
11106,9
11107,6
11108,1
11109,5
11110,5
11111,5
11112,4
11113,1
11114,9
11115,9
11116,3
11117,7
11118,8
11119,5
11120,0
11121,8
11122,8
11123,5
11124,7
11125,7
11126,3
11127,2
11128,6
11129,5
11130,7
11131,1
11132,0
11133,5
11134,9
11135,6
11136,1
11137,3
11138,9
11139,3
11140,4
11141,2
11142,6
11143,3
11144,4
11145,8
11146,2
11147,3
11148,6
11149,1
11150,3
11151,7
11152,5
11153,5
11154,2
11155,0
11156,3
11157,4
11158,4
11159,7
11160,8
11161,5
11162,5
11163,5
11164,5
11165,7
11166,0
11167,3
11168,8
11169,6
11170,4
11171,9
11172,4
11173,0
11174,0
11175,3
11176,9
11177,8
11178,9
11179,9
11180,1
11181,7
11182,2
11183,0
11184,6
11185,1
11186,6
11187,8
11188,7
11189,4
11190,9
11191,8
11192,6
11193,2
11194,4
11195,5
11196,7
11197,8
11198,4
11199,6
11200,3
11201,6
11202,1
11203,3
11204,3
11205,3
11206,7
11207,3
11208,3
11209,6
11210,7
11211,8
11212,8
11213,8
11214,1
11215,0
11216,4
11217,4
11218,3
11219,0
11220,1
11221,1
11222,5
11223,5
11224,7
11225,9
11226,6
11227,8
11228,4
11229,2
11230,8
11231,9
11232,6
11233,0
11234,3
11235,8
11236,8
11237,5
11238,6
11239,3
11240,1
11241,9
11242,3
11243,8
11244,1
11245,2
11246,4
11247,9
11248,8
11249,8
11250,3
11251,2
11252,7
11253,2
11254,5
11255,0
11256,4
11257,3
11258,5
11259,7
11260,9
11261,8
11262,0
11263,2
11264,2
11265,9
11266,7
11267,4
11268,7
11269,8
11270,0
11271,5
11272,2
11273,4
11274,4
11275,6
11276,8
11277,9
11278,1
11279,4
11280,5
11281,4
11282,4
11283,9
11284,7
11285,5
11286,0
11287,5
11288,8
11289,1
11290,3
11291,1
11292,8
11293,2
11294,3
11295,6
11296,3
11297,3
11298,3
11299,5
11300,4
11301,5
11302,6
11303,4
11304,6
11305,0
11306,8
11307,2
11308,3
11309,2
11310,9
11311,1
11312,7
11313,4
11314,8
11315,6
11316,5
11317,0
11318,9
11319,3
11320,0
11321,5
11322,5
11323,0
11324,3
11325,4
11326,6
11327,4
11328,4
11329,2
11330,3
11331,4
11332,6
11333,7
11334,2
11335,3
11336,1
11337,4
11338,6
11339,5
11340,8
11341,4
11342,6
11343,4
11344,7
11345,1
11346,7
11347,9
11348,8
11349,2
11350,0
11351,9
11352,8
11353,7
11354,9
11355,1
11356,4
11357,4
11358,2
11359,4
11360,8
11361,3
11362,8
11363,0
11364,1
11365,2
11366,4
11367,9
11368,0
11369,6
11370,1
11371,5
11372,3
11373,7
11374,3
11375,0
11376,4
11377,5
11378,6
11379,0
11380,6
11381,5
11382,1
11383,4
11384,0
11385,8
11386,7
11387,6
11388,2
11389,7
11390,6
11391,9
11392,4
11393,4
11394,2
11395,7
11396,7
11397,5
11398,1
11399,9
11400,5
11401,9
11402,7
11403,1
11404,4
11405,8
11406,1
11407,5
11408,9
11409,9
11410,5
11411,5
11412,4
11413,1
11414,5
11415,6
11416,2
11417,1
11418,6
11419,8
11420,9
11421,3
11422,1
11423,9
11424,9
11425,8
11426,3
11427,2
11428,8
11429,3
11430,5
11431,3
11432,9
11433,1
11434,9
11435,9
11436,9
11437,6
11438,7
11439,7
11440,9
11441,0
11442,3
11443,6
11444,4
11445,3
11446,1
11447,8
11448,4
11449,8
11450,9
11451,9
11452,5
11453,0
11454,2
11455,7
11456,1
11457,9
11458,7
11459,7
11460,2
11461,7
11462,5
11463,3
11464,5
11465,3
11466,8
11467,4
11468,4
11469,8
11470,7
11471,0
11472,6
11473,0
11474,9
11475,5
11476,8
11477,5
11478,5
11479,1
11480,0
11481,6
11482,0
11483,0
11484,7
11485,6
11486,1
11487,6
11488,2
11489,0
11490,6
11491,2
11492,0
11493,8
11494,1
11495,1
11496,7
11497,7
11498,1
11499,4
11500,8
11501,3
11502,1
11503,0
11504,5
11505,5
11506,3
11507,1
11508,8
11509,6
11510,0
11511,6
11512,5
11513,9
11514,7
11515,3
11516,7
11517,9
11518,1
11519,5
11520,9
11521,1
11522,5
11523,8
11524,0
11525,6
11526,3
11527,3
11528,4
11529,1
11530,3
11531,1
11532,3
11533,1
11534,8
11535,7
11536,5
11537,7
11538,7
11539,8
11540,5
11541,2
11542,5
11543,4
11544,0
11545,1
11546,0
11547,4
11548,9
11549,1
11550,0
11551,0
11552,4
11553,1
11554,5
11555,7
11556,7
11557,3
11558,6
11559,5
11560,5
11561,3
11562,6
11563,6
11564,4
11565,2
11566,7
11567,6
11568,0
11569,8
11570,7
11571,5
11572,4
11573,1
11574,1
11575,4
11576,6
11577,1
11578,3
11579,3
11580,3
11581,4
11582,5
11583,6
11584,2
11585,1
11586,9
11587,4
11588,0
11589,6
11590,1
11591,2
11592,5
11593,3
11594,2
11595,7
11596,4
11597,3
11598,5
11599,3
11600,7
11601,5
11602,5
11603,1
11604,0
11605,0
11606,2
11607,6
11608,0
11609,9
11610,4
11611,6
11612,7
11613,3
11614,8
11615,5
11616,5
11617,1
11618,8
11619,7
11620,0
11621,4
11622,6
11623,9
11624,3
11625,7
11626,6
11627,3
11628,9
11629,7
11630,3
11631,3
11632,6
11633,9
11634,1
11635,1
11636,2
11637,1
11638,6
11639,8
11640,2
11641,9
11642,5
11643,3
11644,1
11645,8
11646,2
11647,0
11648,3
11649,0
11650,2
11651,9
11652,5
11653,7
11654,4
11655,2
11656,7
11657,8
11658,3
11659,4
11660,2
11661,7
11662,0
11663,0
11664,3
11665,0
11666,8
11667,8
11668,4
11669,4
11670,3
11671,3
11672,2
11673,7
11674,7
11675,0
11676,6
11677,3
11678,1
11679,7
11680,3
11681,3
11682,6
11683,2
11684,1
11685,2
11686,4
11687,8
11688,2
11689,6
11690,1
11691,9
11692,5
11693,3
11694,9
11695,7
11696,6
11697,7
11698,1
11699,1
11700,5
11701,9
11702,1
11703,4
11704,2
11705,0
11706,1
11707,6
11708,0
11709,6
11710,5
11711,8
11712,3
11713,5
11714,9
11715,9
11716,0
11717,7
11718,6
11719,3
11720,3
11721,8
11722,8
11723,5
11724,7
11725,4
11726,9
11727,6
11728,6
11729,7
11730,3
11731,1
11732,2
11733,3
11734,5
11735,7
11736,1
11737,2
11738,3
11739,9
11740,5
11741,6
11742,0
11743,4
11744,4
11745,5
11746,8
11747,3
11748,4
11749,6
11750,4
11751,7
11752,0
11753,5
11754,3
11755,4
11756,2
11757,0
11758,5
11759,3
11760,7
11761,0
11762,1
11763,8
11764,1
11765,1
11766,9
11767,8
11768,0
11769,7
11770,3
11771,3
11772,7
11773,4
11774,6
11775,9
11776,0
11777,4
11778,9
11779,9
11780,3
11781,0
11782,9
11783,6
11784,1
11785,5
11786,5
11787,4
11788,0
11789,5
11790,1
11791,9
11792,8
11793,6
11794,0
11795,5
11796,7
11797,1
11798,6
11799,5
11800,9
11801,1
11802,8
11803,9
11804,2
11805,2
11806,8
11807,6
11808,9
11809,2
11810,2
11811,3
11812,5
11813,6
11814,6
11815,5
11816,4
11817,9
11818,4
11819,3
11820,9
11821,0
11822,6
11823,4
11824,7
11825,9
11826,0
11827,9
11828,1
11829,8
11830,6
11831,6
11832,2
11833,2
11834,5
11835,0
11836,6
11837,5
11838,0
11839,8
11840,1
11841,2
11842,8
11843,9
11844,6
11845,6
11846,0
11847,5
11848,9
11849,5
11850,2
11851,6
11852,5
11853,4
11854,1
11855,0
11856,6
11857,2
11858,4
11859,6
11860,8
11861,7
11862,0
11863,1
11864,9
11865,4
11866,7
11867,1
11868,1
11869,5
11870,4
11871,9
11872,3
11873,8
11874,4
11875,0
11876,6
11877,2
11878,3
11879,3
11880,8
11881,0
11882,7
11883,8
11884,8
11885,3
11886,7
11887,8
11888,4
11889,9
11890,0
11891,3
11892,0
11893,8
11894,7
11895,4
11896,3
11897,5
11898,0
11899,9
11900,4
11901,3
11902,4
11903,3
11904,7
11905,5
11906,3
11907,1
11908,9
11909,6
11910,4
11911,4
11912,5
11913,5
11914,6
11915,7
11916,0
11917,2
11918,7
11919,7
11920,3
11921,2
11922,4
11923,3
11924,0
11925,3
11926,6
11927,5
11928,3
11929,2
11930,0
11931,0
11932,4
11933,9
11934,0
11935,4
11936,6
11937,3
11938,4
11939,2
11940,2
11941,1
11942,3
11943,4
11944,4
11945,2
11946,1
11947,0
11948,2
11949,6
11950,3
11951,4
11952,7
11953,0
11954,7
11955,7
11956,1
11957,5
11958,6
11959,0
11960,5
11961,8
11962,2
11963,1
11964,6
11965,0
11966,1
11967,5
11968,8
11969,6
11970,1
11971,7
11972,1
11973,6
11974,3
11975,1
11976,4
11977,0
11978,3
11979,2
11980,1
11981,8
11982,2
11983,1
11984,2
11985,6
11986,9
11987,0
11988,9
11989,0
11990,8
11991,5
11992,5
11993,1
11994,6
11995,4
11996,8
11997,9
11998,0
11999,8
12000,5
12001,7
12002,3
12003,5
12004,6
12005,0
12006,4
12007,0
12008,6
12009,3
12010,5
12011,7
12012,8
12013,6
12014,0
12015,6
12016,7
12017,3
12018,7
12019,4
12020,5
12021,7
12022,0
12023,5
12024,1
12025,2
12026,8
12027,2
12028,3
12029,0
12030,2
12031,0
12032,2
12033,6
12034,5
12035,9
12036,9
12037,6
12038,2
12039,8
12040,7
12041,3
12042,0
12043,1
12044,9
12045,0
12046,9
12047,0
12048,4
12049,5
12050,9
12051,1
12052,7
12053,9
12054,9
12055,7
12056,8
12057,1
12058,2
12059,6
12060,6
12061,3
12062,9
12063,6
12064,8
12065,4
12066,4
12067,7
12068,9
12069,2
12070,5
12071,8
12072,4
12073,2
12074,5
12075,2
12076,2
12077,2
12078,6
12079,1
12080,7
12081,6
12082,3
12083,6
12084,6
12085,9
12086,2
12087,3
12088,6
12089,4
12090,4
12091,4
12092,1
12093,9
12094,1
12095,6
12096,0
12097,5
12098,6
12099,9
12100,7
12101,2
12102,3
12103,6
12104,0
12105,2
12106,3
12107,5
12108,8
12109,4
12110,6
12111,2
12112,5
12113,0
12114,0
12115,1
12116,5
12117,7
12118,7
12119,1
12120,1
12121,0
12122,7
12123,4
12124,8
12125,2
12126,3
12127,7
12128,3
12129,7
12130,9
12131,1
12132,0
12133,6
12134,4
12135,1
12136,9
12137,5
12138,2
12139,7
12140,0
12141,6
12142,0
12143,0
12144,9
12145,2
12146,3
12147,0
12148,4
12149,3
12150,2
12151,0
12152,2
12153,0
12154,5
12155,7
12156,8
12157,6
12158,2
12159,6
12160,5
12161,3
12162,7
12163,6
12164,6
12165,3
12166,0
12167,0
12168,8
12169,7
12170,1
12171,8
12172,4
12173,9
12174,3
12175,3
12176,7
12177,1
12178,3
12179,3
12180,8
12181,5
12182,9
12183,1
12184,2
12185,0
12186,5
12187,6
12188,1
12189,2
12190,9
12191,7
12192,4
12193,4
12194,9
12195,7
12196,7
12197,1
12198,6
12199,7
12200,1
12201,3
12202,2
12203,8
12204,6
12205,3
12206,7
12207,1
12208,7
12209,4
12210,5
12211,4
12212,4
12213,1
12214,9
12215,2
12216,6
12217,6
12218,2
12219,9
12220,5
12221,7
12222,7
12223,4
12224,0
12225,2
12226,6
12227,2
12228,4
12229,0
12230,6
12231,0
12232,5
12233,7
12234,8
12235,9
12236,6
12237,6
12238,6
12239,8
12240,5
12241,7
12242,8
12243,9
12244,0
12245,5
12246,9
12247,7
12248,6
12249,5
12250,6
12251,0
12252,8
12253,9
12254,3
12255,2
12256,9
12257,7
12258,8
12259,3
12260,5
12261,0
12262,9
12263,2
12264,0
12265,0
12266,7
12267,1
12268,8
12269,0
12270,9
12271,3
12272,2
12273,1
12274,3
12275,0
12276,8
12277,1
12278,8
12279,7
12280,7
12281,5
12282,3
12283,6
12284,4
12285,4
12286,1
12287,6
12288,0
12289,4
12290,0
12291,3
12292,2
12293,3
12294,4
12295,3
12296,1
12297,6
12298,1
12299,8
12300,7
12301,2
12302,0
12303,1
12304,0
12305,8
12306,9
12307,3
12308,0
12309,6
12310,6
12311,0
12312,2
12313,9
12314,4
12315,6
12316,7
12317,9
12318,8
12319,6
12320,7
12321,8
12322,8
12323,2
12324,0
12325,4
12326,2
12327,5
12328,8
12329,8
12330,0
12331,7
12332,1
12333,7
12334,5
12335,0
12336,1
12337,2
12338,0
12339,0
12340,8
12341,6
12342,6
12343,2
12344,9
12345,9
12346,9
12347,4
12348,9
12349,2
12350,4
12351,0
12352,0
12353,5
12354,5
12355,0
12356,2
12357,6
12358,6
12359,2
12360,7
12361,3
12362,0
12363,1
12364,4
12365,4
12366,1
12367,6
12368,3
12369,4
12370,9
12371,7
12372,1
12373,4
12374,3
12375,9
12376,9
12377,3
12378,0
12379,5
12380,4
12381,0
12382,6
12383,5
12384,7
12385,6
12386,2
12387,9
12388,8
12389,9
12390,6
12391,1
12392,5
12393,7
12394,9
12395,0
12396,6
12397,3
12398,3
12399,2
12400,9
12401,4
12402,9
12403,6
12404,6
12405,4
12406,4
12407,8
12408,2
12409,6
12410,7
12411,6
12412,7
12413,2
12414,3
12415,7
12416,6
12417,0
12418,7
12419,2
12420,6
12421,6
12422,8
12423,9
12424,9
12425,3
12426,7
12427,2
12428,8
12429,4
12430,9
12431,1
12432,9
12433,8
12434,8
12435,0
12436,8
12437,6
12438,9
12439,7
12440,2
12441,6
12442,2
12443,0
12444,8
12445,9
12446,8
12447,7
12448,6
12449,3
12450,8
12451,2
12452,6
12453,1
12454,3
12455,4
12456,1
12457,3
12458,8
12459,3
12460,3
12461,6
12462,9
12463,1
12464,7
12465,3
12466,7
12467,5
12468,0
12469,9
12470,0
12471,0
12472,6
12473,1
12474,4
12475,3
12476,0
12477,8
12478,7
12479,0
12480,1
12481,2
12482,1
12483,5
12484,7
12485,6
12486,6
12487,8
12488,1
12489,2
12490,3
12491,2
12492,3
12493,9
12494,3
12495,0
12496,5
12497,3
12498,8
12499,9
12500,8
12501,1
12502,5
12503,9
12504,5
12505,6
12506,5
12507,7
12508,2
12509,3
12510,7
12511,3
12512,5
12513,7
12514,0
12515,8
12516,8
12517,4
12518,3
12519,3
12520,7
12521,7
12522,0
12523,0
12524,3
12525,5
12526,7
12527,5
12528,7
12529,8
12530,6
12531,8
12532,7
12533,4
12534,9
12535,8
12536,6
12537,7
12538,7
12539,3
12540,2
12541,4
12542,1
12543,9
12544,2
12545,9
12546,8
12547,7
12548,2
12549,6
12550,4
12551,7
12552,0
12553,8
12554,0
12555,6
12556,9
12557,4
12558,2
12559,2
12560,0
12561,5
12562,5
12563,4
12564,3
12565,8
12566,1
12567,7
12568,1
12569,4
12570,7
12571,0
12572,1
12573,9
12574,1
12575,4
12576,4
12577,4
12578,9
12579,6
12580,4
12581,3
12582,4
12583,3
12584,9
12585,1
12586,5
12587,0
12588,5
12589,2
12590,4
12591,0
12592,2
12593,8
12594,0
12595,3
12596,9
12597,8
12598,3
12599,6
12600,6
12601,8
12602,2
12603,6
12604,9
12605,3
12606,0
12607,8
12608,6
12609,0
12610,2
12611,4
12612,0
12613,8
12614,8
12615,5
12616,3
12617,9
12618,9
12619,5
12620,2
12621,3
12622,3
12623,3
12624,6
12625,6
12626,3
12627,8
12628,8
12629,9
12630,6
12631,3
12632,0
12633,4
12634,3
12635,3
12636,9
12637,4
12638,0
12639,9
12640,4
12641,0
12642,7
12643,9
12644,2
12645,0
12646,9
12647,7
12648,9
12649,5
12650,5
12651,2
12652,0
12653,2
12654,3
12655,7
12656,4
12657,4
12658,1
12659,1
12660,8
12661,4
12662,4
12663,6
12664,1
12665,2
12666,3
12667,8
12668,7
12669,7
12670,7
12671,0
12672,3
12673,9
12674,9
12675,6
12676,4
12677,0
12678,3
12679,7
12680,6
12681,1
12682,3
12683,0
12684,4
12685,6
12686,3
12687,2
12688,1
12689,3
12690,9
12691,9
12692,0
12693,8
12694,8
12695,3
12696,1
12697,1
12698,5
12699,2
12700,4
12701,5
12702,4
12703,3
12704,3
12705,2
12706,1
12707,9
12708,8
12709,4
12710,5
12711,2
12712,6
12713,8
12714,5
12715,2
12716,1
12717,6
12718,7
12719,1
12720,3
12721,1
12722,6
12723,1
12724,7
12725,8
12726,7
12727,1
12728,7
12729,5
12730,4
12731,8
12732,0
12733,2
12734,4
12735,1
12736,0
12737,4
12738,2
12739,1
12740,1
12741,8
12742,8
12743,4
12744,7
12745,6
12746,7
12747,5
12748,7
12749,8
12750,5
12751,7
12752,9
12753,9
12754,4
12755,7
12756,9
12757,7
12758,4
12759,9
12760,6
12761,6
12762,7
12763,3
12764,2
12765,3
12766,9
12767,4
12768,4
12769,9
12770,5
12771,6
12772,7
12773,0
12774,6
12775,7
12776,4
12777,9
12778,6
12779,8
12780,9
12781,0
12782,4
12783,9
12784,3
12785,3
12786,1
12787,6
12788,5
12789,9
12790,8
12791,3
12792,7
12793,5
12794,8
12795,3
12796,5
12797,7
12798,5
12799,2
12800,5
12801,9
12802,8
12803,6
12804,1
12805,1
12806,9
12807,0
12808,6
12809,2
12810,7
12811,1
12812,5
12813,8
12814,2
12815,0
12816,5
12817,7
12818,8
12819,4
12820,7
12821,9
12822,1
12823,9
12824,0
12825,6
12826,4
12827,4
12828,7
12829,6
12830,5
12831,5
12832,0
12833,9
12834,1
12835,3
12836,2
12837,1
12838,2
12839,7
12840,2
12841,7
12842,3
12843,9
12844,6
12845,0
12846,9
12847,4
12848,5
12849,2
12850,3
12851,9
12852,7
12853,2
12854,5
12855,9
12856,6
12857,6
12858,2
12859,4
12860,3
12861,5
12862,0
12863,3
12864,5
12865,6
12866,0
12867,7
12868,9
12869,6
12870,0
12871,6
12872,1
12873,0
12874,6
12875,4
12876,4
12877,6
12878,0
12879,9
12880,0
12881,2
12882,9
12883,4
12884,5
12885,9
12886,8
12887,9
12888,9
12889,9
12890,1
12891,7
12892,9
12893,4
12894,1
12895,2
12896,7
12897,3
12898,0
12899,0
12900,1
12901,6
12902,7
12903,7
12904,7
12905,8
12906,6
12907,3
12908,7
12909,4
12910,0
12911,9
12912,6
12913,9
12914,6
12915,2
12916,8
12917,0
12918,4
12919,5
12920,6
12921,7
12922,9
12923,1
12924,6
12925,8
12926,0
12927,3
12928,4
12929,9
12930,6
12931,7
12932,5
12933,7
12934,0
12935,9
12936,1
12937,2
12938,1
12939,8
12940,6
12941,6
12942,5
12943,0
12944,4
12945,0
12946,1
12947,4
12948,7
12949,7
12950,5
12951,2
12952,0
12953,0
12954,6
12955,4
12956,4
12957,3
12958,6
12959,8
12960,2
12961,9
12962,3
12963,2
12964,4
12965,8
12966,2
12967,1
12968,3
12969,0
12970,6
12971,2
12972,6
12973,2
12974,6
12975,7
12976,9
12977,2
12978,2
12979,1
12980,8
12981,8
12982,8
12983,3
12984,2
12985,8
12986,7
12987,1
12988,8
12989,4
12990,7
12991,7
12992,6
12993,1
12994,7
12995,9
12996,1
12997,6
12998,3
12999,8
13000,1
13001,5
13002,7
13003,8
13004,5
13005,5
13006,7
13007,8
13008,7
13009,5
13010,0
13011,9
13012,0
13013,2
13014,2
13015,1
13016,1
13017,3
13018,5
13019,6
13020,5
13021,4
13022,0
13023,5
13024,5
13025,6
13026,6
13027,1
13028,4
13029,9
13030,6
13031,6
13032,5
13033,6
13034,5
13035,0
13036,8
13037,7
13038,8
13039,3
13040,9
13041,9
13042,5
13043,0
13044,6
13045,4
13046,9
13047,2
13048,3
13049,3
13050,4
13051,1
13052,5
13053,9
13054,4
13055,7
13056,6
13057,1
13058,8
13059,1
13060,5
13061,9
13062,7
13063,1
13064,7
13065,3
13066,6
13067,9
13068,7
13069,6
13070,9
13071,0
13072,0
13073,1
13074,9
13075,3
13076,8
13077,4
13078,5
13079,4
13080,6
13081,1
13082,1
13083,7
13084,1
13085,1
13086,6
13087,9
13088,4
13089,2
13090,8
13091,0
13092,3
13093,2
13094,5
13095,0
13096,3
13097,7
13098,6
13099,6
13100,3
13101,3
13102,2
13103,5
13104,7
13105,4
13106,9
13107,3
13108,6
13109,7
13110,4
13111,6
13112,8
13113,7
13114,5
13115,4
13116,8
13117,8
13118,0
13119,0
13120,7
13121,9
13122,6
13123,6
13124,7
13125,7
13126,6
13127,9
13128,7
13129,7
13130,6
13131,8
13132,7
13133,3
13134,7
13135,9
13136,2
13137,1
13138,7
13139,8
13140,9
13141,5
13142,7
13143,4
13144,8
13145,9
13146,5
13147,4
13148,3
13149,3
13150,5
13151,2
13152,6
13153,9
13154,0
13155,6
13156,9
13157,3
13158,0
13159,4
13160,8
13161,4
13162,9
13163,1
13164,8
13165,4
13166,0
13167,4
13168,4
13169,9
13170,5
13171,2
13172,7
13173,6
13174,0
13175,8
13176,4
13177,2
13178,0
13179,7
13180,5
13181,2
13182,0
13183,0
13184,9
13185,9
13186,5
13187,2
13188,7
13189,9
13190,6
13191,1
13192,5
13193,1
13194,2
13195,9
13196,7
13197,9
13198,9
13199,4
13200,4
13201,8
13202,6
13203,1
13204,9
13205,4
13206,8
13207,5
13208,2
13209,2
13210,2
13211,4
13212,2
13213,2
13214,3
13215,1
13216,3
13217,4
13218,7
13219,7
13220,8
13221,0
13222,7
13223,4
13224,2
13225,5
13226,7
13227,9
13228,3
13229,2
13230,1
13231,1
13232,7
13233,8
13234,3
13235,6
13236,2
13237,4
13238,9
13239,8
13240,0
13241,4
13242,0
13243,4
13244,6
13245,4
13246,2
13247,8
13248,0
13249,5
13250,4
13251,4
13252,1
13253,4
13254,1
13255,8
13256,2
13257,3
13258,6
13259,4
13260,5
13261,8
13262,1
13263,4
13264,4
13265,8
13266,4
13267,3
13268,4
13269,2
13270,9
13271,3
13272,6
13273,8
13274,8
13275,7
13276,3
13277,1
13278,0
13279,9
13280,9
13281,2
13282,1
13283,5
13284,6
13285,1
13286,5
13287,5
13288,6
13289,9
13290,7
13291,1
13292,2
13293,1
13294,4
13295,6
13296,4
13297,1
13298,4
13299,9
13300,5
13301,8
13302,2
13303,9
13304,1
13305,2
13306,2
13307,1
13308,1
13309,5
13310,8
13311,3
13312,7
13313,2
13314,8
13315,1
13316,4
13317,0
13318,2
13319,8
13320,0
13321,7
13322,2
13323,0
13324,9
13325,5
13326,9
13327,2
13328,8
13329,6
13330,1
13331,8
13332,5
13333,3
13334,2
13335,4
13336,3
13337,7
13338,7
13339,6
13340,8
13341,8
13342,1
13343,3
13344,8
13345,0
13346,3
13347,9
13348,0
13349,6
13350,2
13351,4
13352,1
13353,3
13354,0
13355,3
13356,7
13357,0
13358,8
13359,2
13360,9
13361,7
13362,0
13363,9
13364,6
13365,8
13366,5
13367,0
13368,0
13369,9
13370,1
13371,2
13372,1
13373,6
13374,6
13375,4
13376,2
13377,5
13378,8
13379,0
13380,6
13381,3
13382,8
13383,8
13384,8
13385,4
13386,4
13387,2
13388,0
13389,5
13390,7
13391,9
13392,3
13393,5
13394,2
13395,2
13396,1
13397,8
13398,1
13399,2
13400,8
13401,2
13402,5
13403,0
13404,4
13405,0
13406,8
13407,4
13408,4
13409,3
13410,8
13411,8
13412,1
13413,2
13414,5
13415,5
13416,9
13417,3
13418,9
13419,3
13420,5
13421,3
13422,9
13423,9
13424,9
13425,5
13426,8
13427,5
13428,3
13429,4
13430,2
13431,9
13432,9
13433,8
13434,5
13435,2
13436,8
13437,6
13438,5
13439,7
13440,7
13441,1
13442,6
13443,8
13444,3
13445,1
13446,7
13447,2
13448,4
13449,0
13450,4
13451,9
13452,8
13453,3
13454,7
13455,0
13456,3
13457,9
13458,0
13459,9
13460,0
13461,9
13462,1
13463,8
13464,4
13465,9
13466,3
13467,3
13468,7
13469,7
13470,4
13471,3
13472,7
13473,2
13474,2
13475,8
13476,1
13477,6
13478,5
13479,8
13480,9
13481,0
13482,0
13483,8
13484,1
13485,7
13486,9
13487,9
13488,2
13489,1
13490,0
13491,0
13492,0
13493,2
13494,3
13495,5
13496,6
13497,3
13498,9
13499,7
13500,0
13501,2
13502,7
13503,0
13504,4
13505,9
13506,4
13507,7
13508,9
13509,2
13510,9
13511,3
13512,4
13513,0
13514,6
13515,6
13516,8
13517,9
13518,0
13519,6
13520,1
13521,7
13522,0
13523,6
13524,1
13525,0
13526,5
13527,1
13528,9
13529,9
13530,0
13531,9
13532,1
13533,3
13534,9
13535,9
13536,1
13537,5
13538,9
13539,9
13540,9
13541,2
13542,9
13543,1
13544,9
13545,8
13546,1
13547,0
13548,6
13549,5
13550,2
13551,6
13552,0
13553,2
13554,2
13555,3
13556,7
13557,9
13558,8
13559,1
13560,2
13561,4
13562,9
13563,1
13564,4
13565,7
13566,6
13567,4
13568,8
13569,9
13570,2
13571,1
13572,6
13573,5
13574,3
13575,2
13576,0
13577,0
13578,9
13579,8
13580,4
13581,2
13582,1
13583,7
13584,9
13585,3
13586,9
13587,6
13588,1
13589,4
13590,4
13591,1
13592,1
13593,8
13594,6
13595,4
13596,2
13597,5
13598,5
13599,9
13600,1
13601,6
13602,2
13603,4
13604,9
13605,4
13606,6
13607,5
13608,7
13609,2
13610,8
13611,1
13612,3
13613,7
13614,0
13615,3
13616,3
13617,5
13618,6
13619,4
13620,5
13621,6
13622,9
13623,8
13624,5
13625,2
13626,8
13627,8
13628,2
13629,4
13630,8
13631,4
13632,0
13633,7
13634,6
13635,7
13636,5
13637,3
13638,6
13639,3
13640,5
13641,0
13642,2
13643,9
13644,6
13645,2
13646,0
13647,5
13648,6
13649,9
13650,6
13651,4
13652,5
13653,1
13654,8
13655,9
13656,9
13657,1
13658,3
13659,8
13660,4
13661,6
13662,3
13663,1
13664,0
13665,4
13666,2
13667,2
13668,9
13669,6
13670,5
13671,2
13672,7
13673,2
13674,5
13675,9
13676,5
13677,8
13678,6
13679,2
13680,4
13681,5
13682,3
13683,4
13684,3
13685,4
13686,4
13687,6
13688,9
13689,2
13690,6
13691,7
13692,2
13693,7
13694,0
13695,1
13696,1
13697,6
13698,1
13699,7
13700,0
13701,6
13702,3
13703,8
13704,6
13705,6
13706,8
13707,5
13708,5
13709,3
13710,0
13711,4
13712,7
13713,5
13714,0
13715,5
13716,9
13717,0
13718,4
13719,8
13720,3
13721,2
13722,3
13723,6
13724,2
13725,8
13726,0
13727,7
13728,8
13729,6
13730,1
13731,3
13732,6
13733,0
13734,9
13735,7
13736,6
13737,3
13738,0
13739,2
13740,6
13741,1
13742,2
13743,9
13744,3
13745,8
13746,6
13747,7
13748,2
13749,2
13750,6
13751,4
13752,3
13753,6
13754,1
13755,2
13756,3
13757,0
13758,9
13759,7
13760,6
13761,7
13762,0
13763,7
13764,0
13765,3
13766,1
13767,1
13768,7
13769,7
13770,2
13771,5
13772,5
13773,9
13774,9
13775,8
13776,3
13777,0
13778,2
13779,2
13780,6
13781,5
13782,1
13783,9
13784,0
13785,6
13786,4
13787,4
13788,5
13789,0
13790,2
13791,7
13792,0
13793,4
13794,7
13795,5
13796,2
13797,6
13798,7
13799,9
13800,1
13801,9
13802,1
13803,8
13804,4
13805,5
13806,6
13807,9
13808,9
13809,3
13810,9
13811,6
13812,8
13813,5
13814,1
13815,3
13816,3
13817,5
13818,2
13819,5
13820,5
13821,7
13822,5
13823,6
13824,1
13825,1
13826,0
13827,9
13828,9
13829,7
13830,8
13831,6
13832,6
13833,1
13834,4
13835,0
13836,6
13837,7
13838,1
13839,7
13840,1
13841,1
13842,9
13843,4
13844,8
13845,1
13846,3
13847,3
13848,5
13849,6
13850,5
13851,9
13852,8
13853,2
13854,8
13855,3
13856,6
13857,6
13858,7
13859,6
13860,8
13861,3
13862,5
13863,5
13864,4
13865,4
13866,4
13867,7
13868,6
13869,3
13870,5
13871,4
13872,4
13873,3
13874,7
13875,0
13876,6
13877,4
13878,8
13879,1
13880,4
13881,8
13882,0
13883,5
13884,3
13885,7
13886,1
13887,8
13888,1
13889,1
13890,0
13891,3
13892,9
13893,8
13894,5
13895,7
13896,3
13897,4
13898,1
13899,6
13900,2
13901,9
13902,6
13903,8
13904,7
13905,0
13906,7
13907,4
13908,7
13909,9
13910,1
13911,2
13912,7
13913,6
13914,4
13915,8
13916,1
13917,5
13918,5
13919,8
13920,5
13921,3
13922,9
13923,8
13924,7
13925,2
13926,6
13927,0
13928,1
13929,5
13930,7
13931,3
13932,0
13933,3
13934,5
13935,3
13936,1
13937,3
13938,1
13939,1
13940,7
13941,3
13942,4
13943,9
13944,7
13945,7
13946,7
13947,1
13948,9
13949,4
13950,9
13951,1
13952,7
13953,3
13954,2
13955,7
13956,4
13957,7
13958,2
13959,8
13960,2
13961,3
13962,4
13963,1
13964,3
13965,4
13966,5
13967,6
13968,7
13969,9
13970,5
13971,9
13972,1
13973,5
13974,0
13975,8
13976,3
13977,9
13978,9
13979,0
13980,6
13981,8
13982,2
13983,0
13984,3
13985,7
13986,6
13987,2
13988,2
13989,6
13990,5
13991,7
13992,3
13993,5
13994,8
13995,7
13996,6
13997,6
13998,3
13999,7
14000,5
14001,0
14002,8
14003,2
14004,9
14005,8
14006,3
14007,6
14008,6
14009,0
14010,9
14011,2
14012,1
14013,5
14014,8
14015,5
14016,0
14017,8
14018,3
14019,9
14020,9
14021,3
14022,5
14023,2
14024,9
14025,0
14026,3
14027,7
14028,2
14029,0
14030,1
14031,9
14032,6
14033,1
14034,8
14035,4
14036,1
14037,1
14038,7
14039,6
14040,9
14041,1
14042,4
14043,8
14044,4
14045,4
14046,3
14047,5
14048,0
14049,1
14050,5
14051,1
14052,6
14053,6
14054,0
14055,9
14056,0
14057,6
14058,7
14059,0
14060,0
14061,1
14062,6
14063,6
14064,7
14065,2
14066,1
14067,7
14068,8
14069,6
14070,6
14071,7
14072,1
14073,7
14074,7
14075,6
14076,1
14077,6
14078,2
14079,1
14080,6
14081,2
14082,4
14083,0
14084,9
14085,4
14086,3
14087,5
14088,4
14089,6
14090,3
14091,3
14092,2
14093,3
14094,3
14095,6
14096,0
14097,9
14098,3
14099,3
14100,5
14101,7
14102,7
14103,8
14104,6
14105,9
14106,6
14107,3
14108,0
14109,9
14110,7
14111,1
14112,7
14113,0
14114,3
14115,5
14116,1
14117,0
14118,1
14119,2
14120,6
14121,6
14122,6
14123,8
14124,3
14125,1
14126,0
14127,2
14128,2
14129,2
14130,2
14131,7
14132,4
14133,4
14134,0
14135,5
14136,3
14137,9
14138,1
14139,0
14140,2
14141,1
14142,4
14143,4
14144,1
14145,9
14146,6
14147,7
14148,8
14149,6
14150,8
14151,9
14152,7
14153,0
14154,3
14155,7
14156,0
14157,4
14158,0
14159,9
14160,0
14161,2
14162,0
14163,4
14164,6
14165,0
14166,1
14167,5
14168,6
14169,7
14170,9
14171,4
14172,4
14173,0
14174,4
14175,4
14176,3
14177,2
14178,1
14179,9
14180,6
14181,4
14182,9
14183,3
14184,5
14185,4
14186,1
14187,5
14188,6
14189,4
14190,1
14191,1
14192,0
14193,0
14194,3
14195,7
14196,1
14197,4
14198,8
14199,0
14200,6
14201,7
14202,7
14203,8
14204,3
14205,6
14206,2
14207,1
14208,9
14209,2
14210,9
14211,6
14212,0
14213,3
14214,1
14215,7
14216,2
14217,4
14218,2
14219,3
14220,1
14221,2
14222,8
14223,2
14224,5
14225,3
14226,9
14227,7
14228,8
14229,8
14230,1
14231,1
14232,6
14233,9
14234,0
14235,7
14236,8
14237,9
14238,5
14239,1
14240,5
14241,8
14242,6
14243,2
14244,3
14245,4
14246,1
14247,3
14248,3
14249,8
14250,0
14251,6
14252,8
14253,5
14254,0
14255,5
14256,0
14257,8
14258,3
14259,4
14260,9
14261,0
14262,3
14263,7
14264,8
14265,8
14266,6
14267,1
14268,7
14269,6
14270,3
14271,4
14272,5
14273,3
14274,1
14275,9
14276,4
14277,7
14278,5
14279,1
14280,0
14281,7
14282,1
14283,9
14284,4
14285,3
14286,9
14287,3
14288,5
14289,8
14290,0
14291,8
14292,7
14293,7
14294,6
14295,1
14296,0
14297,2
14298,7
14299,0
14300,5
14301,1
14302,8
14303,7
14304,7
14305,1
14306,2
14307,1
14308,7
14309,9
14310,7
14311,0
14312,5
14313,0
14314,4
14315,9
14316,6
14317,5
14318,4
14319,0
14320,3
14321,3
14322,4
14323,6
14324,0
14325,3
14326,6
14327,6
14328,8
14329,5
14330,3
14331,9
14332,9
14333,7
14334,9
14335,8
14336,6
14337,6
14338,2
14339,0
14340,3
14341,3
14342,8
14343,8
14344,8
14345,5
14346,8
14347,3
14348,2
14349,9
14350,6
14351,2
14352,9
14353,2
14354,2
14355,6
14356,8
14357,3
14358,7
14359,7
14360,9
14361,6
14362,2
14363,8
14364,3
14365,3
14366,9
14367,3
14368,5
14369,9
14370,1
14371,7
14372,2
14373,0
14374,8
14375,4
14376,8
14377,1
14378,2
14379,5
14380,4
14381,2
14382,7
14383,7
14384,9
14385,3
14386,7
14387,1
14388,3
14389,0
14390,4
14391,7
14392,3
14393,1
14394,8
14395,7
14396,0
14397,8
14398,5
14399,1
14400,0
14401,8
14402,8
14403,9
14404,2
14405,3
14406,6
14407,6
14408,4
14409,8
14410,1
14411,0
14412,3
14413,6
14414,7
14415,3
14416,9
14417,0
14418,6
14419,1
14420,7
14421,7
14422,2
14423,7
14424,5
14425,5
14426,6
14427,1
14428,9
14429,6
14430,1
14431,8
14432,1
14433,4
14434,4
14435,7
14436,7
14437,4
14438,4
14439,1
14440,0
14441,4
14442,7
14443,6
14444,1
14445,6
14446,6
14447,9
14448,1
14449,9
14450,4
14451,5
14452,5
14453,0
14454,1
14455,1
14456,3
14457,9
14458,9
14459,7
14460,6
14461,7
14462,7
14463,6
14464,1
14465,5
14466,2
14467,7
14468,0
14469,2
14470,7
14471,4
14472,0
14473,2
14474,4
14475,2
14476,3
14477,7
14478,5
14479,2
14480,2
14481,8
14482,6
14483,9
14484,5
14485,0
14486,5
14487,2
14488,8
14489,7
14490,0
14491,6
14492,2
14493,5
14494,0
14495,9
14496,6
14497,0
14498,4
14499,4
14500,3
14501,9
14502,8
14503,5
14504,2
14505,5
14506,1
14507,9
14508,1
14509,7
14510,1
14511,7
14512,9
14513,1
14514,4
14515,4
14516,5
14517,5
14518,4
14519,6
14520,8
14521,3
14522,7
14523,5
14524,0
14525,0
14526,6
14527,5
14528,6
14529,2
14530,9
14531,6
14532,0
14533,5
14534,8
14535,4
14536,0
14537,5
14538,0
14539,9
14540,8
14541,0
14542,2
14543,0
14544,5
14545,9
14546,0
14547,8
14548,0
14549,0
14550,6
14551,7
14552,4
14553,5
14554,1
14555,3
14556,1
14557,8
14558,1
14559,6
14560,4
14561,6
14562,0
14563,1
14564,3
14565,1
14566,4
14567,8
14568,0
14569,0
14570,4
14571,8
14572,3
14573,2
14574,1
14575,5
14576,5
14577,9
14578,3
14579,2
14580,0
14581,8
14582,8
14583,0
14584,6
14585,4
14586,9
14587,9
14588,3
14589,4
14590,8
14591,1
14592,2
14593,5
14594,5
14595,1
14596,5
14597,6
14598,6
14599,0
14600,2
14601,4
14602,0
14603,5
14604,2
14605,0
14606,2
14607,3
14608,2
14609,4
14610,3
14611,4
14612,1
14613,1
14614,6
14615,7
14616,7
14617,3
14618,0
14619,9
14620,8
14621,6
14622,2
14623,5
14624,6
14625,8
14626,5
14627,3
14628,7
14629,2
14630,1
14631,0
14632,1
14633,8
14634,4
14635,7
14636,2
14637,9
14638,9
14639,0
14640,3
14641,5
14642,2
14643,6
14644,2
14645,0
14646,9
14647,6
14648,6
14649,8
14650,6
14651,8
14652,8
14653,7
14654,8
14655,3
14656,8
14657,6
14658,9
14659,5
14660,6
14661,4
14662,3
14663,1
14664,8
14665,5
14666,8
14667,6
14668,4
14669,0
14670,2
14671,6
14672,2
14673,3
14674,1
14675,4
14676,1
14677,1
14678,7
14679,4
14680,2
14681,5
14682,3
14683,6
14684,0
14685,6
14686,8
14687,6
14688,0
14689,9
14690,4
14691,2
14692,7
14693,2
14694,4
14695,3
14696,4
14697,3
14698,6
14699,4
14700,2
14701,4
14702,4
14703,2
14704,0
14705,8
14706,3
14707,3
14708,5
14709,8
14710,1
14711,0
14712,1
14713,0
14714,0
14715,2
14716,8
14717,6
14718,2
14719,1
14720,8
14721,6
14722,2
14723,0
14724,9
14725,2
14726,4
14727,8
14728,7
14729,9
14730,5
14731,5
14732,5
14733,7
14734,1
14735,6
14736,6
14737,1
14738,7
14739,6
14740,8
14741,3
14742,2
14743,5
14744,8
14745,6
14746,1
14747,1
14748,3
14749,7
14750,8
14751,1
14752,2
14753,8
14754,3
14755,0
14756,0
14757,8
14758,7
14759,3
14760,4
14761,2
14762,6
14763,6
14764,3
14765,5
14766,0
14767,3
14768,7
14769,1
14770,9
14771,7
14772,3
14773,1
14774,3
14775,0
14776,8
14777,3
14778,3
14779,6
14780,6
14781,5
14782,2
14783,4
14784,7
14785,9
14786,9
14787,8
14788,7
14789,2
14790,4
14791,8
14792,5
14793,7
14794,9
14795,8
14796,1
14797,8
14798,7
14799,7
14800,6
14801,0
14802,6
14803,6
14804,6
14805,6
14806,0
14807,8
14808,8
14809,1
14810,0
14811,9
14812,8
14813,0
14814,1
14815,7
14816,7
14817,2
14818,4
14819,0
14820,9
14821,0
14822,6
14823,7
14824,2
14825,3
14826,4
14827,2
14828,3
14829,4
14830,6
14831,5
14832,7
14833,5
14834,3
14835,7
14836,4
14837,0
14838,8
14839,3
14840,2
14841,5
14842,9
14843,5
14844,8
14845,5
14846,6
14847,2
14848,7
14849,3
14850,4
14851,4
14852,7
14853,2
14854,4
14855,2
14856,8
14857,7
14858,8
14859,9
14860,7
14861,1
14862,5
14863,7
14864,3
14865,9
14866,6
14867,4
14868,7
14869,2
14870,5
14871,9
14872,0
14873,5
14874,6
14875,4
14876,6
14877,6
14878,3
14879,1
14880,7
14881,9
14882,9
14883,9
14884,1
14885,2
14886,7
14887,0
14888,9
14889,9
14890,5
14891,4
14892,6
14893,7
14894,0
14895,6
14896,7
14897,5
14898,7
14899,1
14900,9
14901,6
14902,8
14903,4
14904,5
14905,2
14906,4
14907,1
14908,5
14909,1
14910,0
14911,6
14912,3
14913,1
14914,6
14915,0
14916,7
14917,4
14918,5
14919,1
14920,9
14921,8
14922,1
14923,8
14924,3
14925,1
14926,7
14927,6
14928,1
14929,7
14930,0
14931,1
14932,1
14933,9
14934,3
14935,8
14936,9
14937,4
14938,2
14939,1
14940,1
14941,7
14942,5
14943,1
14944,7
14945,3
14946,9
14947,1
14948,3
14949,1
14950,6
14951,3
14952,3
14953,7
14954,4
14955,2
14956,6
14957,0
14958,3
14959,2
14960,8
14961,0
14962,6
14963,7
14964,7
14965,7
14966,8
14967,3
14968,5
14969,7
14970,7
14971,3
14972,2
14973,5
14974,7
14975,4
14976,8
14977,4
14978,9
14979,6
14980,1
14981,3
14982,9
14983,4
14984,1
14985,3
14986,2
14987,8
14988,8
14989,5
14990,0
14991,2
14992,0
14993,1
14994,2
14995,1
14996,8
14997,6
14998,1
14999,7
15000,5
15001,0
15002,0
15003,0
15004,2
15005,9
15006,6
15007,4
15008,2
15009,5
15010,2
15011,8
15012,1
15013,0
15014,3
15015,4
15016,1
15017,9
15018,7
15019,5
15020,7
15021,8
15022,0
15023,8
15024,7
15025,7
15026,6
15027,9
15028,3
15029,3
15030,4
15031,6
15032,2
15033,5
15034,5
15035,6
15036,8
15037,8
15038,4
15039,4
15040,8
15041,2
15042,5
15043,6
15044,3
15045,6
15046,1
15047,9
15048,4
15049,8
15050,4
15051,7
15052,6
15053,2
15054,6
15055,0
15056,1
15057,0
15058,5
15059,5
15060,2
15061,7
15062,1
15063,5
15064,9
15065,9
15066,2
15067,2
15068,3
15069,8
15070,5
15071,3
15072,8
15073,4
15074,4
15075,8
15076,6
15077,1
15078,4
15079,8
15080,7
15081,3
15082,6
15083,0
15084,4
15085,1
15086,7
15087,9
15088,3
15089,6
15090,2
15091,2
15092,1
15093,9
15094,5
15095,2
15096,5
15097,1
15098,9
15099,8
15100,6
15101,6
15102,5
15103,1
15104,4
15105,0
15106,9
15107,8
15108,3
15109,5
15110,1
15111,7
15112,4
15113,3
15114,9
15115,4
15116,5
15117,7
15118,3
15119,9
15120,7
15121,2
15122,7
15123,2
15124,0
15125,0
15126,1
15127,7
15128,0
15129,1
15130,0
15131,1
15132,2
15133,4
15134,2
15135,6
15136,7
15137,6
15138,7
15139,7
15140,3
15141,1
15142,9
15143,5
15144,4
15145,0
15146,0
15147,6
15148,3
15149,8
15150,4
15151,0
15152,6
15153,3
15154,1
15155,9
15156,4
15157,1
15158,5
15159,0
15160,1
15161,1
15162,2
15163,2
15164,3
15165,9
15166,7
15167,6
15168,5
15169,6
15170,1
15171,6
15172,8
15173,4
15174,2
15175,5
15176,4
15177,4
15178,5
15179,8
15180,2
15181,1
15182,4
15183,3
15184,3
15185,8
15186,9
15187,9
15188,5
15189,3
15190,3
15191,4
15192,2
15193,0
15194,8
15195,3
15196,6
15197,1
15198,9
15199,2
15200,0
15201,3
15202,4
15203,4
15204,2
15205,7
15206,9
15207,8
15208,4
15209,5
15210,7
15211,4
15212,1
15213,3
15214,4
15215,9
15216,9
15217,1
15218,6
15219,7
15220,7
15221,0
15222,1
15223,7
15224,5
15225,2
15226,7
15227,7
15228,3
15229,5
15230,4
15231,2
15232,6
15233,6
15234,2
15235,6
15236,3
15237,0
15238,0
15239,1
15240,9
15241,9
15242,7
15243,5
15244,4
15245,3
15246,3
15247,1
15248,3
15249,3
15250,0
15251,7
15252,3
15253,4
15254,8
15255,1
15256,3
15257,5
15258,3
15259,4
15260,8
15261,8
15262,4
15263,4
15264,3
15265,7
15266,0
15267,1
15268,1
15269,1
15270,1
15271,0
15272,6
15273,5
15274,8
15275,2
15276,6
15277,0
15278,1
15279,5
15280,9
15281,7
15282,1
15283,6
15284,3
15285,6
15286,7
15287,7
15288,7
15289,5
15290,5
15291,0
15292,5
15293,4
15294,1
15295,0
15296,1
15297,9
15298,2
15299,5
15300,6
15301,5
15302,9
15303,3
15304,3
15305,2
15306,9
15307,1
15308,6
15309,5
15310,2
15311,9
15312,3
15313,8
15314,2
15315,5
15316,1
15317,0
15318,1
15319,8
15320,1
15321,2
15322,9
15323,7
15324,3
15325,2
15326,9
15327,0
15328,6
15329,3
15330,1
15331,0
15332,7
15333,4
15334,8
15335,0
15336,2
15337,0
15338,2
15339,4
15340,1
15341,8
15342,5
15343,4
15344,5
15345,2
15346,2
15347,6
15348,9
15349,1
15350,1
15351,1
15352,1
15353,8
15354,1
15355,6
15356,8
15357,5
15358,0
15359,6
15360,7
15361,1
15362,7
15363,9
15364,2
15365,2
15366,0
15367,9
15368,2
15369,5
15370,3
15371,4
15372,4
15373,2
15374,9
15375,7
15376,3
15377,9
15378,6
15379,8
15380,9
15381,3
15382,3
15383,4
15384,8
15385,0
15386,1
15387,4
15388,2
15389,6
15390,8
15391,2
15392,8
15393,8
15394,4
15395,6
15396,8
15397,2
15398,4
15399,4
15400,0
15401,7
15402,6
15403,6
15404,8
15405,6
15406,4
15407,6
15408,3
15409,3
15410,1
15411,9
15412,1
15413,7
15414,1
15415,3
15416,2
15417,2
15418,6
15419,0
15420,8
15421,4
15422,8
15423,7
15424,3
15425,7
15426,3
15427,3
15428,4
15429,8
15430,6
15431,4
15432,1
15433,8
15434,9
15435,9
15436,4
15437,8
15438,1
15439,7
15440,3
15441,9
15442,2
15443,7
15444,4
15445,5
15446,7
15447,6
15448,4
15449,4
15450,2
15451,2
15452,7
15453,4
15454,6
15455,2
15456,7
15457,8
15458,5
15459,0
15460,1
15461,4
15462,3
15463,7
15464,0
15465,4
15466,9
15467,1
15468,2
15469,3
15470,5
15471,6
15472,6
15473,1
15474,9
15475,9
15476,7
15477,0
15478,0
15479,2
15480,3
15481,1
15482,4
15483,2
15484,3
15485,1
15486,6
15487,1
15488,9
15489,7
15490,7
15491,0
15492,4
15493,9
15494,3
15495,1
15496,0
15497,0
15498,4
15499,8
15500,0
15501,6
15502,5
15503,8
15504,6
15505,0
15506,5
15507,9
15508,8
15509,9
15510,2
15511,6
15512,6
15513,6
15514,7
15515,8
15516,1
15517,7
15518,4
15519,2
15520,4
15521,5
15522,0
15523,0
15524,5
15525,4
15526,8
15527,8
15528,0
15529,3
15530,7
15531,8
15532,2
15533,0
15534,0
15535,6
15536,3
15537,3
15538,3
15539,4
15540,0
15541,9
15542,4
15543,9
15544,6
15545,3
15546,5
15547,2
15548,9
15549,6
15550,5
15551,1
15552,4
15553,7
15554,6
15555,2
15556,3
15557,5
15558,1
15559,6
15560,1
15561,4
15562,8
15563,2
15564,4
15565,4
15566,9
15567,3
15568,5
15569,8
15570,7
15571,5
15572,9
15573,2
15574,9
15575,3
15576,0
15577,3
15578,5
15579,0
15580,6
15581,9
15582,5
15583,1
15584,5
15585,2
15586,7
15587,4
15588,4
15589,5
15590,8
15591,6
15592,8
15593,1
15594,6
15595,2
15596,4
15597,7
15598,4
15599,6
15600,3
15601,7
15602,5
15603,3
15604,6
15605,5
15606,5
15607,8
15608,5
15609,1
15610,6
15611,0
15612,1
15613,2
15614,1
15615,6
15616,4
15617,6
15618,1
15619,0
15620,1
15621,4
15622,2
15623,0
15624,5
15625,5
15626,3
15627,0
15628,0
15629,1
15630,5
15631,1
15632,2
15633,3
15634,8
15635,2
15636,6
15637,7
15638,7
15639,3
15640,5
15641,0
15642,0
15643,3
15644,9
15645,7
15646,8
15647,3
15648,9
15649,1
15650,6
15651,9
15652,0
15653,8
15654,9
15655,9
15656,4
15657,4
15658,5
15659,1
15660,5
15661,6
15662,5
15663,9
15664,2
15665,4
15666,1
15667,1
15668,0
15669,8
15670,3
15671,8
15672,1
15673,6
15674,5
15675,2
15676,4
15677,0
15678,4
15679,8
15680,5
15681,1
15682,0
15683,9
15684,8
15685,8
15686,7
15687,6
15688,2
15689,1
15690,3
15691,6
15692,9
15693,7
15694,1
15695,7
15696,8
15697,4
15698,1
15699,9
15700,9
15701,2
15702,8
15703,7
15704,6
15705,1
15706,4
15707,0
15708,9
15709,2
15710,0
15711,2
15712,4
15713,6
15714,7
15715,8
15716,5
15717,8
15718,0
15719,2
15720,4
15721,6
15722,2
15723,5
15724,1
15725,8
15726,3
15727,3
15728,4
15729,4
15730,1
15731,2
15732,5
15733,5
15734,9
15735,5
15736,9
15737,3
15738,6
15739,8
15740,0
15741,4
15742,3
15743,4
15744,3
15745,6
15746,7
15747,9
15748,0
15749,0
15750,8
15751,9
15752,7
15753,1
15754,2
15755,5
15756,8
15757,6
15758,1
15759,9
15760,6
15761,1
15762,3
15763,5
15764,3
15765,8
15766,5
15767,8
15768,3
15769,6
15770,1
15771,6
15772,8
15773,8
15774,6
15775,4
15776,5
15777,6
15778,7
15779,1
15780,0
15781,0
15782,1
15783,2
15784,9
15785,6
15786,4
15787,3
15788,8
15789,3
15790,7
15791,2
15792,0
15793,6
15794,4
15795,7
15796,2
15797,1
15798,8
15799,7
15800,9
15801,9
15802,9
15803,1
15804,1
15805,0
15806,8
15807,3
15808,1
15809,0
15810,4
15811,5
15812,3
15813,7
15814,3
15815,2
15816,2
15817,6
15818,3
15819,1
15820,3
15821,6
15822,8
15823,3
15824,9
15825,0
15826,4
15827,0
15828,8
15829,1
15830,7
15831,2
15832,5
15833,5
15834,4
15835,6
15836,1
15837,0
15838,8
15839,6
15840,2
15841,4
15842,6
15843,4
15844,9
15845,5
15846,4
15847,4
15848,6
15849,7
15850,8
15851,6
15852,7
15853,5
15854,2
15855,9
15856,3
15857,6
15858,7
15859,8
15860,0
15861,0
15862,8
15863,7
15864,5
15865,2
15866,1
15867,2
15868,1
15869,7
15870,8
15871,8
15872,3
15873,6
15874,7
15875,4
15876,6
15877,8
15878,5
15879,1
15880,0
15881,0
15882,1
15883,9
15884,5
15885,3
15886,0
15887,7
15888,4
15889,9
15890,0
15891,1
15892,1
15893,4
15894,5
15895,2
15896,9
15897,3
15898,0
15899,5
15900,7
15901,9
15902,2
15903,5
15904,9
15905,1
15906,0
15907,6
15908,6
15909,9
15910,9
15911,7
15912,4
15913,2
15914,2
15915,4
15916,7
15917,7
15918,2
15919,0
15920,5
15921,6
15922,3
15923,0
15924,5
15925,1
15926,6
15927,7
15928,0
15929,0
15930,4
15931,2
15932,7
15933,1
15934,4
15935,9
15936,0
15937,6
15938,5
15939,5
15940,4
15941,9
15942,9
15943,7
15944,4
15945,6
15946,7
15947,3
15948,9
15949,8
15950,2
15951,0
15952,2
15953,6
15954,2
15955,5
15956,0
15957,0
15958,0
15959,5
15960,6
15961,1
15962,3
15963,0
15964,6
15965,0
15966,9
15967,6
15968,4
15969,6
15970,1
15971,8
15972,3
15973,6
15974,0
15975,4
15976,0
15977,5
15978,5
15979,8
15980,5
15981,9
15982,0
15983,6
15984,2
15985,5
15986,0
15987,8
15988,2
15989,3
15990,4
15991,5
15992,1
15993,1
15994,5
15995,3
15996,8
15997,2
15998,6
15999,8
16000,2
16001,6
16002,5
16003,4
16004,1
16005,9
16006,4
16007,9
16008,9
16009,0
16010,8
16011,5
16012,0
16013,3
16014,6
16015,1
16016,0
16017,2
16018,3
16019,6
16020,8
16021,0
16022,3
16023,6
16024,2
16025,6
16026,3
16027,9
16028,6
16029,7
16030,1
16031,2
16032,4
16033,7
16034,5
16035,7
16036,7
16037,2
16038,5
16039,8
16040,9
16041,4
16042,6
16043,0
16044,0
16045,6
16046,9
16047,4
16048,6
16049,9
16050,1
16051,8
16052,0
16053,4
16054,9
16055,1
16056,6
16057,3
16058,8
16059,0
16060,4
16061,9
16062,7
16063,5
16064,8
16065,3
16066,6
16067,2
16068,5
16069,5
16070,1
16071,2
16072,6
16073,1
16074,9
16075,6
16076,9
16077,0
16078,2
16079,9
16080,4
16081,8
16082,0
16083,3
16084,7
16085,0
16086,5
16087,1
16088,3
16089,6
16090,5
16091,5
16092,5
16093,0
16094,8
16095,1
16096,8
16097,5
16098,3
16099,3
16100,0
16101,2
16102,9
16103,4
16104,5
16105,5
16106,2
16107,4
16108,0
16109,6
16110,2
16111,1
16112,7
16113,4
16114,7
16115,6
16116,8
16117,8
16118,2
16119,8
16120,7
16121,7
16122,5
16123,8
16124,1
16125,6
16126,5
16127,2
16128,6
16129,2
16130,6
16131,4
16132,3
16133,6
16134,6
16135,2
16136,3
16137,3
16138,1
16139,5
16140,4
16141,6
16142,1
16143,8
16144,9
16145,1
16146,0
16147,6
16148,9
16149,2
16150,6
16151,4
16152,3
16153,6
16154,6
16155,3
16156,6
16157,2
16158,1
16159,9
16160,6
16161,0
16162,9
16163,7
16164,2
16165,3
16166,6
16167,2
16168,8
16169,1
16170,8
16171,2
16172,5
16173,1
16174,8
16175,5
16176,3
16177,9
16178,0
16179,2
16180,7
16181,0
16182,3
16183,5
16184,2
16185,5
16186,2
16187,7
16188,2
16189,8
16190,5
16191,8
16192,8
16193,2
16194,7
16195,2
16196,6
16197,6
16198,7
16199,3
16200,1
16201,4
16202,4
16203,4
16204,3
16205,5
16206,4
16207,7
16208,0
16209,7
16210,7
16211,2
16212,2
16213,0
16214,5
16215,5
16216,4
16217,5
16218,4
16219,0
16220,5
16221,5
16222,0
16223,9
16224,3
16225,5
16226,4
16227,1
16228,8
16229,1
16230,9
16231,4
16232,3
16233,2
16234,1
16235,3
16236,4
16237,9
16238,0
16239,6
16240,9
16241,5
16242,0
16243,5
16244,4
16245,5
16246,3
16247,5
16248,5
16249,8
16250,3
16251,8
16252,0
16253,4
16254,0
16255,7
16256,1
16257,8
16258,2
16259,8
16260,3
16261,0
16262,1
16263,4
16264,3
16265,9
16266,2
16267,8
16268,1
16269,1
16270,5
16271,7
16272,1
16273,9
16274,2
16275,4
16276,1
16277,3
16278,1
16279,9
16280,1
16281,1
16282,5
16283,3
16284,8
16285,7
16286,7
16287,0
16288,7
16289,7
16290,8
16291,8
16292,7
16293,7
16294,1
16295,6
16296,4
16297,1
16298,3
16299,2
16300,1
16301,4
16302,4
16303,1
16304,7
16305,3
16306,5
16307,9
16308,0
16309,2
16310,5
16311,4
16312,8
16313,2
16314,5
16315,6
16316,1
16317,8
16318,6
16319,4
16320,8
16321,5
16322,7
16323,3
16324,6
16325,2
16326,9
16327,3
16328,4
16329,5
16330,3
16331,1
16332,8
16333,4
16334,7
16335,3
16336,1
16337,5
16338,5
16339,5
16340,9
16341,2
16342,7
16343,1
16344,8
16345,8
16346,9
16347,9
16348,5
16349,8
16350,3
16351,6
16352,3
16353,0
16354,8
16355,0
16356,0
16357,0
16358,7
16359,0
16360,3
16361,1
16362,5
16363,6
16364,2
16365,6
16366,4
16367,9
16368,9
16369,6
16370,8
16371,5
16372,3
16373,9
16374,5
16375,1
16376,9
16377,9
16378,9
16379,7
16380,6
16381,2
16382,9
16383,8
16384,0
16385,2
16386,2
16387,4
16388,8
16389,5
16390,9
16391,1
16392,4
16393,0
16394,9
16395,8
16396,9
16397,2
16398,5
16399,0
16400,9
16401,4
16402,6
16403,6
16404,7
16405,4
16406,6
16407,2
16408,0
16409,1
16410,7
16411,1
16412,0
16413,4
16414,3
16415,4
16416,3
16417,7
16418,8
16419,8
16420,9
16421,1
16422,3
16423,3
16424,2
16425,5
16426,5
16427,6
16428,2
16429,6
16430,9
16431,0
16432,2
16433,1
16434,8
16435,6
16436,9
16437,0
16438,3
16439,9
16440,3
16441,2
16442,7
16443,0
16444,4
16445,1
16446,0
16447,9
16448,0
16449,1
16450,5
16451,3
16452,7
16453,8
16454,5
16455,5
16456,7
16457,2
16458,5
16459,7
16460,1
16461,6
16462,2
16463,4
16464,8
16465,4
16466,2
16467,9
16468,8
16469,9
16470,4
16471,7
16472,9
16473,0
16474,3
16475,9
16476,9
16477,6
16478,6
16479,6
16480,1
16481,0
16482,9
16483,8
16484,9
16485,1
16486,8
16487,0
16488,7
16489,9
16490,6
16491,6
16492,7
16493,3
16494,7
16495,3
16496,3
16497,6
16498,0
16499,7
16500,3
16501,0
16502,0
16503,9
16504,9
16505,4
16506,4
16507,7
16508,5
16509,1
16510,5
16511,0
16512,2
16513,1
16514,7
16515,6
16516,0
16517,8
16518,7
16519,6
16520,5
16521,1
16522,2
16523,9
16524,2
16525,4
16526,6
16527,4
16528,6
16529,5
16530,3
16531,1
16532,1
16533,6
16534,0
16535,4
16536,4
16537,7
16538,4
16539,5
16540,3
16541,1
16542,6
16543,3
16544,1
16545,6
16546,9
16547,5
16548,7
16549,4
16550,8
16551,7
16552,3
16553,1
16554,9
16555,7
16556,5
16557,1
16558,0
16559,9
16560,5
16561,3
16562,4
16563,7
16564,8
16565,3
16566,2
16567,0
16568,4
16569,9
16570,7
16571,9
16572,8
16573,4
16574,1
16575,8
16576,7
16577,8
16578,4
16579,1
16580,8
16581,3
16582,2
16583,0
16584,7
16585,3
16586,0
16587,7
16588,1
16589,0
16590,6
16591,1
16592,2
16593,6
16594,3
16595,9
16596,8
16597,4
16598,3
16599,0
16600,0
16601,0
16602,9
16603,5
16604,6
16605,3
16606,3
16607,0
16608,9
16609,2
16610,8
16611,7
16612,4
16613,6
16614,1
16615,4
16616,5
16617,0
16618,9
16619,9
16620,1
16621,3
16622,3
16623,8
16624,0
16625,2
16626,8
16627,0
16628,9
16629,5
16630,2
16631,5
16632,3
16633,0
16634,5
16635,2
16636,0
16637,5
16638,2
16639,5
16640,9
16641,0
16642,1
16643,6
16644,6
16645,8
16646,1
16647,8
16648,1
16649,7
16650,8
16651,4
16652,2
16653,6
16654,6
16655,8
16656,5
16657,6
16658,8
16659,8
16660,3
16661,0
16662,7
16663,3
16664,1
16665,1
16666,0
16667,8
16668,4
16669,0
16670,2
16671,4
16672,6
16673,7
16674,1
16675,7
16676,9
16677,0
16678,7
16679,8
16680,0
16681,1
16682,7
16683,2
16684,9
16685,4
16686,9
16687,1
16688,5
16689,4
16690,1
16691,5
16692,8
16693,4
16694,5
16695,2
16696,7
16697,7
16698,8
16699,4
16700,1
16701,7
16702,9
16703,0
16704,0
16705,4
16706,4
16707,3
16708,3
16709,0
16710,7
16711,1
16712,3
16713,5
16714,7
16715,7
16716,4
16717,2
16718,5
16719,2
16720,8
16721,2
16722,5
16723,8
16724,1
16725,9
16726,7
16727,5
16728,3
16729,0
16730,3
16731,8
16732,3
16733,3
16734,0
16735,4
16736,3
16737,3
16738,3
16739,7
16740,5
16741,2
16742,9
16743,3
16744,5
16745,2
16746,1
16747,7
16748,2
16749,6
16750,3
16751,6
16752,1
16753,3
16754,4
16755,2
16756,4
16757,1
16758,7
16759,4
16760,0
16761,6
16762,4
16763,8
16764,2
16765,0
16766,9
16767,0
16768,5
16769,3
16770,4
16771,9
16772,9
16773,1
16774,3
16775,3
16776,7
16777,0
16778,8
16779,8
16780,7
16781,7
16782,5
16783,6
16784,7
16785,3
16786,9
16787,6
16788,8
16789,3
16790,0
16791,0
16792,2
16793,7
16794,2
16795,3
16796,3
16797,4
16798,4
16799,4
16800,2
16801,4
16802,2
16803,1
16804,6
16805,3
16806,0
16807,0
16808,0
16809,1
16810,0
16811,2
16812,7
16813,4
16814,0
16815,6
16816,0
16817,7
16818,2
16819,4
16820,6
16821,6
16822,7
16823,5
16824,0
16825,5
16826,5
16827,9
16828,9
16829,6
16830,4
16831,9
16832,9
16833,8
16834,3
16835,4
16836,2
16837,1
16838,0
16839,3
16840,0
16841,3
16842,3
16843,6
16844,1
16845,5
16846,9
16847,5
16848,6
16849,4
16850,5
16851,1
16852,1
16853,3
16854,3
16855,0
16856,1
16857,9
16858,3
16859,0
16860,0
16861,8
16862,4
16863,6
16864,1
16865,1
16866,2
16867,5
16868,2
16869,0
16870,9
16871,7
16872,7
16873,4
16874,5
16875,8
16876,1
16877,1
16878,0
16879,2
16880,6
16881,3
16882,9
16883,3
16884,7
16885,0
16886,6
16887,1
16888,8
16889,3
16890,7
16891,2
16892,3
16893,2
16894,7
16895,8
16896,8
16897,7
16898,3
16899,6
16900,6
16901,5
16902,2
16903,8
16904,7
16905,4
16906,7
16907,2
16908,0
16909,8
16910,3
16911,2
16912,7
16913,1
16914,8
16915,6
16916,8
16917,7
16918,8
16919,3
16920,9
16921,3
16922,4
16923,0
16924,5
16925,4
16926,7
16927,3
16928,5
16929,6
16930,9
16931,5
16932,4
16933,2
16934,2
16935,6
16936,2
16937,9
16938,2
16939,2
16940,6
16941,3
16942,9
16943,5
16944,8
16945,2
16946,0
16947,5
16948,6
16949,3
16950,6
16951,3
16952,6
16953,1
16954,9
16955,1
16956,8
16957,0
16958,0
16959,9
16960,5
16961,1
16962,8
16963,9
16964,9
16965,8
16966,9
16967,2
16968,8
16969,2
16970,3
16971,5
16972,5
16973,3
16974,7
16975,8
16976,6
16977,6
16978,3
16979,2
16980,1
16981,4
16982,7
16983,9
16984,4
16985,0
16986,6
16987,9
16988,6
16989,4
16990,4
16991,0
16992,2
16993,0
16994,0
16995,4
16996,9
16997,5
16998,5
16999,8
17000,2
17001,4
17002,0
17003,9
17004,1
17005,8
17006,6
17007,4
17008,0
17009,2
17010,1
17011,8
17012,8
17013,4
17014,6
17015,0
17016,0
17017,9
17018,3
17019,7
17020,0
17021,4
17022,2
17023,6
17024,6
17025,9
17026,1
17027,3
17028,1
17029,3
17030,7
17031,6
17032,9
17033,3
17034,9
17035,0
17036,0
17037,4
17038,8
17039,0
17040,8
17041,1
17042,1
17043,5
17044,2
17045,6
17046,8
17047,2
17048,7
17049,9
17050,0
17051,3
17052,9
17053,0
17054,1
17055,6
17056,8
17057,0
17058,4
17059,6
17060,3
17061,6
17062,8
17063,3
17064,6
17065,0
17066,7
17067,6
17068,5
17069,4
17070,9
17071,3
17072,5
17073,0
17074,4
17075,6
17076,0
17077,1
17078,7
17079,6
17080,1
17081,2
17082,0
17083,3
17084,1
17085,1
17086,8
17087,9
17088,9
17089,0
17090,7
17091,5
17092,3
17093,1
17094,3
17095,6
17096,8
17097,6
17098,2
17099,6
17100,6
17101,8
17102,1
17103,5
17104,4
17105,0
17106,8
17107,6
17108,7
17109,9
17110,8
17111,8
17112,7
17113,4
17114,5
17115,2
17116,3
17117,0
17118,0
17119,1
17120,6
17121,2
17122,9
17123,6
17124,2
17125,5
17126,2
17127,8
17128,4
17129,5
17130,3
17131,4
17132,5
17133,7
17134,2
17135,7
17136,2
17137,4
17138,2
17139,6
17140,3
17141,4
17142,5
17143,8
17144,0
17145,7
17146,1
17147,9
17148,5
17149,5
17150,7
17151,6
17152,3
17153,9
17154,2
17155,7
17156,6
17157,5
17158,4
17159,3
17160,9
17161,6
17162,8
17163,4
17164,6
17165,7
17166,2
17167,9
17168,6
17169,2
17170,7
17171,9
17172,6
17173,8
17174,2
17175,2
17176,6
17177,1
17178,5
17179,5
17180,0
17181,4
17182,2
17183,0
17184,4
17185,9
17186,7
17187,3
17188,4
17189,3
17190,0
17191,6
17192,7
17193,0
17194,1
17195,6
17196,6
17197,1
17198,2
17199,1
17200,6
17201,0
17202,6
17203,6
17204,7
17205,6
17206,0
17207,8
17208,3
17209,2
17210,2
17211,3
17212,7
17213,7
17214,7
17215,3
17216,3
17217,1
17218,8
17219,8
17220,0
17221,1
17222,0
17223,9
17224,6
17225,4
17226,3
17227,0
17228,3
17229,9
17230,3
17231,4
17232,7
17233,3
17234,2
17235,0
17236,9
17237,6
17238,6
17239,3
17240,6
17241,8
17242,7
17243,0
17244,8
17245,1
17246,8
17247,5
17248,1
17249,2
17250,9
17251,2
17252,2
17253,3
17254,5
17255,2
17256,2
17257,9
17258,8
17259,1
17260,5
17261,8
17262,8
17263,1
17264,3
17265,9
17266,0
17267,8
17268,8
17269,2
17270,6
17271,0
17272,5
17273,6
17274,8
17275,1
17276,7
17277,7
17278,8
17279,4
17280,1
17281,7
17282,2
17283,6
17284,7
17285,3
17286,2
17287,6
17288,3
17289,9
17290,3
17291,6
17292,8
17293,9
17294,1
17295,8
17296,6
17297,6
17298,7
17299,1
17300,0
17301,3
17302,2
17303,3
17304,5
17305,7
17306,7
17307,2
17308,8
17309,4
17310,2
17311,6
17312,8
17313,0
17314,3
17315,1
17316,9
17317,0
17318,2
17319,1
17320,2
17321,4
17322,4
17323,6
17324,7
17325,3
17326,4
17327,1
17328,8
17329,6
17330,3
17331,9
17332,1
17333,9
17334,3
17335,0
17336,4
17337,7
17338,1
17339,4
17340,3
17341,6
17342,6
17343,1
17344,6
17345,0
17346,9
17347,3
17348,4
17349,2
17350,6
17351,9
17352,5
17353,3
17354,2
17355,0
17356,1
17357,7
17358,9
17359,8
17360,3
17361,3
17362,3
17363,5
17364,9
17365,5
17366,5
17367,8
17368,5
17369,7
17370,1
17371,2
17372,5
17373,6
17374,5
17375,9
17376,7
17377,9
17378,9
17379,9
17380,7
17381,1
17382,7
17383,5
17384,5
17385,7
17386,0
17387,8
17388,3
17389,5
17390,7
17391,6
17392,0
17393,8
17394,8
17395,0
17396,7
17397,9
17398,3
17399,0
17400,5
17401,5
17402,1
17403,2
17404,4
17405,8
17406,5
17407,4
17408,1
17409,7
17410,0
17411,8
17412,0
17413,1
17414,2
17415,8
17416,7
17417,6
17418,4
17419,2
17420,2
17421,9
17422,7
17423,5
17424,7
17425,2
17426,8
17427,6
17428,5
17429,8
17430,6
17431,9
17432,8
17433,7
17434,7
17435,3
17436,4
17437,2
17438,0
17439,6
17440,0
17441,9
17442,5
17443,2
17444,4
17445,8
17446,9
17447,4
17448,8
17449,0
17450,3
17451,4
17452,1
17453,5
17454,6
17455,7
17456,1
17457,4
17458,2
17459,6
17460,4
17461,5
17462,7
17463,4
17464,4
17465,7
17466,8
17467,3
17468,3
17469,5
17470,9
17471,5
17472,4
17473,3
17474,9
17475,6
17476,9
17477,4
17478,3
17479,7
17480,9
17481,9
17482,5
17483,4
17484,6
17485,7
17486,3
17487,6
17488,6
17489,1
17490,7
17491,2
17492,7
17493,1
17494,2
17495,3
17496,4
17497,8
17498,9
17499,1
17500,7
17501,6
17502,8
17503,2
17504,5
17505,0
17506,6
17507,6
17508,0
17509,6
17510,7
17511,3
17512,9
17513,9
17514,5
17515,9
17516,1
17517,3
17518,5
17519,7
17520,4
17521,3
17522,8
17523,2
17524,3
17525,0
17526,1
17527,3
17528,3
17529,0
17530,1
17531,3
17532,1
17533,7
17534,5
17535,9
17536,6
17537,6
17538,5
17539,4
17540,7
17541,3
17542,3
17543,8
17544,2
17545,3
17546,7
17547,5
17548,2
17549,7
17550,2
17551,6
17552,3
17553,2
17554,2
17555,1
17556,6
17557,0
17558,0
17559,6
17560,4
17561,3
17562,7
17563,2
17564,6
17565,3
17566,3
17567,3
17568,3
17569,9
17570,7
17571,4
17572,0
17573,5
17574,9
17575,1
17576,3
17577,5
17578,0
17579,5
17580,6
17581,4
17582,9
17583,6
17584,3
17585,4
17586,4
17587,9
17588,1
17589,1
17590,8
17591,3
17592,2
17593,1
17594,8
17595,1
17596,2
17597,9
17598,1
17599,2
17600,1
17601,1
17602,0
17603,6
17604,7
17605,5
17606,2
17607,6
17608,8
17609,0
17610,0
17611,3
17612,2
17613,4
17614,1
17615,1
17616,1
17617,7
17618,1
17619,0
17620,2
17621,3
17622,1
17623,0
17624,3
17625,5
17626,9
17627,3
17628,8
17629,5
17630,2
17631,9
17632,1
17633,7
17634,9
17635,7
17636,5
17637,3
17638,1
17639,0
17640,1
17641,2
17642,9
17643,9
17644,9
17645,4
17646,8
17647,5
17648,0
17649,6
17650,9
17651,2
17652,5
17653,3
17654,1
17655,7
17656,3
17657,6
17658,4
17659,3
17660,1
17661,3
17662,8
17663,9
17664,4
17665,6
17666,2
17667,8
17668,8
17669,3
17670,3
17671,2
17672,1
17673,2
17674,3
17675,7
17676,0
17677,6
17678,6
17679,6
17680,9
17681,7
17682,3
17683,8
17684,2
17685,5
17686,2
17687,3
17688,9
17689,3
17690,1
17691,3
17692,2
17693,2
17694,8
17695,0
17696,0
17697,1
17698,6
17699,7
17700,7
17701,1
17702,7
17703,5
17704,5
17705,9
17706,2
17707,3
17708,2
17709,1
17710,7
17711,3
17712,1
17713,8
17714,7
17715,7
17716,2
17717,4
17718,8
17719,8
17720,2
17721,5
17722,3
17723,6
17724,6
17725,2
17726,7
17727,9
17728,2
17729,1
17730,3
17731,5
17732,7
17733,8
17734,1
17735,3
17736,9
17737,5
17738,8
17739,2
17740,4
17741,5
17742,1
17743,3
17744,8
17745,6
17746,1
17747,6
17748,5
17749,6
17750,0
17751,7
17752,2
17753,4
17754,8
17755,1
17756,2
17757,7
17758,3
17759,1
17760,5
17761,8
17762,8
17763,8
17764,2
17765,5
17766,6
17767,4
17768,6
17769,7
17770,8
17771,6
17772,2
17773,7
17774,6
17775,5
17776,9
17777,8
17778,5
17779,4
17780,2
17781,6
17782,4
17783,2
17784,0
17785,3
17786,8
17787,1
17788,6
17789,0
17790,6
17791,6
17792,4
17793,1
17794,7
17795,8
17796,0
17797,9
17798,5
17799,4
17800,9
17801,3
17802,0
17803,2
17804,6
17805,9
17806,8
17807,5
17808,8
17809,1
17810,3
17811,9
17812,3
17813,8
17814,1
17815,6
17816,6
17817,6
17818,2
17819,4
17820,8
17821,8
17822,5
17823,8
17824,8
17825,1
17826,2
17827,1
17828,0
17829,9
17830,5
17831,3
17832,3
17833,3
17834,4
17835,9
17836,7
17837,0
17838,7
17839,5
17840,6
17841,4
17842,0
17843,5
17844,9
17845,3
17846,5
17847,0
17848,2
17849,0
17850,1
17851,0
17852,4
17853,0
17854,6
17855,6
17856,0
17857,4
17858,0
17859,0
17860,6
17861,8
17862,6
17863,1
17864,3
17865,2
17866,4
17867,5
17868,0
17869,4
17870,9
17871,3
17872,8
17873,3
17874,2
17875,8
17876,4
17877,2
17878,2
17879,0
17880,6
17881,3
17882,6
17883,2
17884,0
17885,0
17886,6
17887,6
17888,1
17889,1
17890,9
17891,7
17892,4
17893,5
17894,2
17895,1
17896,5
17897,8
17898,4
17899,6
17900,8
17901,4
17902,6
17903,6
17904,7
17905,7
17906,9
17907,4
17908,3
17909,2
17910,7
17911,7
17912,6
17913,3
17914,6
17915,9
17916,9
17917,9
17918,0
17919,5
17920,5
17921,2
17922,8
17923,6
17924,2
17925,8
17926,3
17927,1
17928,6
17929,1
17930,1
17931,2
17932,2
17933,2
17934,6
17935,7
17936,3
17937,5
17938,0
17939,2
17940,9
17941,8
17942,6
17943,1
17944,8
17945,6
17946,0
17947,0
17948,9
17949,4
17950,0
17951,8
17952,0
17953,4
17954,8
17955,6
17956,5
17957,5
17958,5
17959,0
17960,9
17961,8
17962,1
17963,7
17964,8
17965,8
17966,0
17967,8
17968,7
17969,2
17970,2
17971,8
17972,7
17973,3
17974,2
17975,2
17976,3
17977,7
17978,6
17979,7
17980,1
17981,4
17982,5
17983,1
17984,2
17985,5
17986,1
17987,9
17988,6
17989,8
17990,5
17991,4
17992,5
17993,8
17994,0
17995,2
17996,5
17997,6
17998,7
17999,6
18000,5
18001,7
18002,9
18003,5
18004,7
18005,3
18006,7
18007,4
18008,2
18009,8
18010,1
18011,0
18012,0
18013,9
18014,0
18015,4
18016,3
18017,8
18018,8
18019,4
18020,4
18021,5
18022,9
18023,2
18024,7
18025,2
18026,7
18027,5
18028,4
18029,5
18030,6
18031,8
18032,4
18033,8
18034,1
18035,7
18036,8
18037,1
18038,5
18039,6
18040,4
18041,9
18042,1
18043,0
18044,1
18045,0
18046,0
18047,3
18048,4
18049,8
18050,5
18051,5
18052,0
18053,0
18054,5
18055,2
18056,0
18057,4
18058,3
18059,0
18060,3
18061,6
18062,7
18063,2
18064,2
18065,9
18066,8
18067,7
18068,7
18069,5
18070,1
18071,1
18072,9
18073,5
18074,4
18075,7
18076,3
18077,9
18078,6
18079,5
18080,1
18081,9
18082,4
18083,0
18084,1
18085,9
18086,3
18087,7
18088,2
18089,3
18090,1
18091,2
18092,4
18093,2
18094,6
18095,0
18096,9
18097,1
18098,6
18099,5
18100,1
18101,0
18102,3
18103,9
18104,6
18105,8
18106,2
18107,3
18108,2
18109,0
18110,5
18111,7
18112,2
18113,8
18114,6
18115,2
18116,9
18117,6
18118,4
18119,5
18120,4
18121,9
18122,6
18123,5
18124,4
18125,8
18126,5
18127,0
18128,6
18129,7
18130,9
18131,1
18132,7
18133,2
18134,6
18135,7
18136,7
18137,3
18138,5
18139,2
18140,0
18141,6
18142,0
18143,1
18144,2
18145,9
18146,4
18147,7
18148,9
18149,5
18150,5
18151,5
18152,3
18153,1
18154,0
18155,5
18156,4
18157,9
18158,6
18159,9
18160,5
18161,7
18162,7
18163,4
18164,8
18165,3
18166,8
18167,5
18168,2
18169,6
18170,8
18171,0
18172,0
18173,1
18174,3
18175,4
18176,7
18177,0
18178,0
18179,4
18180,0
18181,9
18182,9
18183,5
18184,2
18185,0
18186,2
18187,9
18188,6
18189,3
18190,9
18191,4
18192,4
18193,7
18194,7
18195,0
18196,7
18197,1
18198,6
18199,9
18200,6
18201,7
18202,8
18203,3
18204,9
18205,5
18206,9
18207,2
18208,6
18209,5
18210,6
18211,7
18212,5
18213,2
18214,1
18215,0
18216,5
18217,5
18218,9
18219,5
18220,8
18221,4
18222,3
18223,3
18224,3
18225,4
18226,3
18227,0
18228,9
18229,4
18230,4
18231,2
18232,6
18233,9
18234,6
18235,7
18236,9
18237,7
18238,7
18239,5
18240,0
18241,2
18242,8
18243,1
18244,5
18245,2
18246,9
18247,5
18248,7
18249,0
18250,6
18251,8
18252,1
18253,9
18254,0
18255,0
18256,1
18257,6
18258,9
18259,4
18260,9
18261,3
18262,6
18263,5
18264,1
18265,9
18266,6
18267,6
18268,3
18269,9
18270,6
18271,4
18272,1
18273,5
18274,0
18275,4
18276,6
18277,9
18278,1
18279,2
18280,8
18281,1
18282,3
18283,1
18284,5
18285,8
18286,8
18287,2
18288,6
18289,5
18290,9
18291,3
18292,7
18293,0
18294,3
18295,1
18296,2
18297,3
18298,3
18299,0
18300,4
18301,7
18302,9
18303,0
18304,0
18305,7
18306,3
18307,7
18308,6
18309,5
18310,0
18311,5
18312,3
18313,9
18314,6
18315,9
18316,5
18317,5
18318,0
18319,0
18320,9
18321,1
18322,1
18323,5
18324,8
18325,1
18326,8
18327,9
18328,4
18329,7
18330,1
18331,5
18332,6
18333,5
18334,2
18335,5
18336,8
18337,9
18338,6
18339,2
18340,2
18341,5
18342,6
18343,7
18344,5
18345,7
18346,5
18347,1
18348,7
18349,8
18350,3
18351,0
18352,0
18353,0
18354,7
18355,6
18356,1
18357,2
18358,1
18359,8
18360,1
18361,1
18362,4
18363,3
18364,0
18365,5
18366,2
18367,9
18368,3
18369,7
18370,8
18371,0
18372,1
18373,1
18374,0
18375,1
18376,3
18377,3
18378,5
18379,9
18380,9
18381,5
18382,9
18383,6
18384,6
18385,2
18386,7
18387,2
18388,7
18389,2
18390,9
18391,5
18392,8
18393,4
18394,1
18395,7
18396,0
18397,3
18398,7
18399,3
18400,6
18401,1
18402,4
18403,7
18404,8
18405,3
18406,7
18407,4
18408,9
18409,6
18410,7
18411,1
18412,0
18413,0
18414,8
18415,0
18416,9
18417,7
18418,6
18419,5
18420,4
18421,5
18422,0
18423,3
18424,6
18425,5
18426,4
18427,2
18428,6
18429,7
18430,1
18431,5
18432,2
18433,2
18434,0
18435,6
18436,8
18437,1
18438,6
18439,6
18440,6
18441,3
18442,2
18443,4
18444,8
18445,8
18446,2
18447,1
18448,4
18449,6
18450,8
18451,2
18452,9
18453,9
18454,2
18455,6
18456,9
18457,2
18458,9
18459,0
18460,2
18461,7
18462,7
18463,6
18464,7
18465,7
18466,7
18467,6
18468,3
18469,6
18470,5
18471,2
18472,2
18473,7
18474,4
18475,6
18476,1
18477,4
18478,5
18479,0
18480,4
18481,7
18482,9
18483,2
18484,8
18485,0
18486,6
18487,0
18488,3
18489,5
18490,3
18491,8
18492,9
18493,1
18494,5
18495,7
18496,0
18497,1
18498,4
18499,9
18500,8
18501,1
18502,6
18503,6
18504,2
18505,4
18506,8
18507,3
18508,2
18509,3
18510,6
18511,8
18512,7
18513,4
18514,3
18515,9
18516,9
18517,4
18518,8
18519,3
18520,4
18521,9
18522,9
18523,5
18524,1
18525,3
18526,6
18527,6
18528,5
18529,2
18530,3
18531,8
18532,7
18533,7
18534,4
18535,2
18536,1
18537,0
18538,8
18539,2
18540,9
18541,3
18542,5
18543,8
18544,4
18545,9
18546,7
18547,0
18548,8
18549,3
18550,6
18551,2
18552,5
18553,1
18554,0
18555,6
18556,0
18557,6
18558,9
18559,4
18560,6
18561,4
18562,3
18563,1
18564,3
18565,0
18566,4
18567,1
18568,0
18569,1
18570,9
18571,3
18572,5
18573,1
18574,8
18575,1
18576,6
18577,2
18578,8
18579,5
18580,1
18581,1
18582,9
18583,3
18584,2
18585,3
18586,7
18587,5
18588,1
18589,5
18590,4
18591,0
18592,5
18593,7
18594,8
18595,7
18596,6
18597,2
18598,4
18599,5
18600,8
18601,0
18602,7
18603,4
18604,7
18605,5
18606,0
18607,9
18608,9
18609,9
18610,4
18611,3
18612,8
18613,8
18614,9
18615,2
18616,8
18617,6
18618,6
18619,1
18620,7
18621,5
18622,3
18623,9
18624,3
18625,9
18626,8
18627,2
18628,6
18629,1
18630,4
18631,3
18632,8
18633,2
18634,8
18635,8
18636,6
18637,5
18638,5
18639,8
18640,6
18641,4
18642,7
18643,5
18644,9
18645,6
18646,3
18647,4
18648,9
18649,1
18650,3
18651,2
18652,4
18653,6
18654,6
18655,1
18656,4
18657,6
18658,0
18659,0
18660,2
18661,6
18662,4
18663,0
18664,1
18665,5
18666,1
18667,0
18668,9
18669,4
18670,3
18671,2
18672,5
18673,4
18674,9
18675,0
18676,8
18677,0
18678,4
18679,6
18680,2
18681,7
18682,6
18683,9
18684,9
18685,6
18686,3
18687,5
18688,5
18689,8
18690,0
18691,5
18692,3
18693,1
18694,8
18695,4
18696,7
18697,7
18698,4
18699,9
18700,5
18701,0
18702,4
18703,7
18704,5
18705,7
18706,8
18707,9
18708,4
18709,3
18710,6
18711,6
18712,9
18713,5
18714,1
18715,9
18716,7
18717,1
18718,3
18719,5
18720,3
18721,3
18722,8
18723,0
18724,6
18725,5
18726,2
18727,1
18728,9
18729,3
18730,1
18731,5
18732,7
18733,4
18734,4
18735,0
18736,9
18737,8
18738,2
18739,1
18740,1
18741,6
18742,6
18743,1
18744,7
18745,8
18746,3
18747,3
18748,3
18749,0
18750,2
18751,6
18752,7
18753,6
18754,0
18755,5
18756,7
18757,2
18758,6
18759,6
18760,1
18761,1
18762,3
18763,1
18764,5
18765,9
18766,2
18767,5
18768,0
18769,7
18770,8
18771,3
18772,6
18773,9
18774,4
18775,6
18776,9
18777,4
18778,0
18779,4
18780,8
18781,3
18782,8
18783,0
18784,6
18785,0
18786,8
18787,9
18788,8
18789,1
18790,9
18791,9
18792,6
18793,2
18794,6
18795,9
18796,6
18797,3
18798,6
18799,8
18800,5
18801,8
18802,2
18803,0
18804,3
18805,7
18806,8
18807,2
18808,7
18809,0
18810,4
18811,7
18812,1
18813,0
18814,7
18815,6
18816,3
18817,6
18818,3
18819,0
18820,7
18821,4
18822,8
18823,7
18824,0
18825,1
18826,5
18827,1
18828,3
18829,6
18830,3
18831,4
18832,6
18833,1
18834,0
18835,3
18836,2
18837,3
18838,6
18839,9
18840,7
18841,5
18842,5
18843,1
18844,6
18845,5
18846,8
18847,2
18848,6
18849,0
18850,9
18851,0
18852,7
18853,8
18854,9
18855,4
18856,7
18857,9
18858,6
18859,5
18860,6
18861,6
18862,5
18863,5
18864,7
18865,4
18866,9
18867,8
18868,7
18869,1
18870,6
18871,0
18872,8
18873,2
18874,0
18875,4
18876,8
18877,8
18878,8
18879,1
18880,3
18881,3
18882,3
18883,4
18884,2
18885,1
18886,8
18887,4
18888,7
18889,7
18890,4
18891,3
18892,6
18893,8
18894,3
18895,3
18896,6
18897,9
18898,2
18899,8
18900,4
18901,8
18902,5
18903,9
18904,9
18905,0
18906,7
18907,9
18908,6
18909,9
18910,0
18911,4
18912,0
18913,2
18914,0
18915,2
18916,1
18917,9
18918,3
18919,3
18920,9
18921,9
18922,5
18923,5
18924,8
18925,5
18926,0
18927,4
18928,5
18929,4
18930,6
18931,1
18932,5
18933,0
18934,9
18935,7
18936,5
18937,6
18938,4
18939,0
18940,2
18941,5
18942,5
18943,6
18944,6
18945,6
18946,0
18947,8
18948,6
18949,9
18950,4
18951,3
18952,3
18953,7
18954,8
18955,2
18956,9
18957,1
18958,9
18959,1
18960,7
18961,2
18962,7
18963,7
18964,4
18965,8
18966,3
18967,3
18968,3
18969,9
18970,7
18971,3
18972,0
18973,8
18974,3
18975,6
18976,4
18977,7
18978,6
18979,5
18980,3
18981,9
18982,8
18983,6
18984,4
18985,5
18986,6
18987,8
18988,3
18989,0
18990,0
18991,9
18992,6
18993,7
18994,2
18995,3
18996,6
18997,1
18998,4
18999,4
19000,0
19001,9
19002,9
19003,4
19004,2
19005,3
19006,4
19007,8
19008,4
19009,1
19010,7
19011,8
19012,7
19013,3
19014,6
19015,4
19016,9
19017,7
19018,1
19019,7
19020,5
19021,1
19022,0
19023,2
19024,2
19025,6
19026,2
19027,1
19028,2
19029,7
19030,5
19031,5
19032,4
19033,7
19034,0
19035,5
19036,6
19037,0
19038,8
19039,1
19040,6
19041,9
19042,0
19043,5
19044,5
19045,3
19046,1
19047,9
19048,4
19049,4
19050,1
19051,2
19052,7
19053,0
19054,2
19055,0
19056,4
19057,5
19058,3
19059,2
19060,9
19061,3
19062,3
19063,8
19064,3
19065,2
19066,6
19067,8
19068,1
19069,6
19070,0
19071,8
19072,9
19073,3
19074,9
19075,7
19076,7
19077,4
19078,2
19079,0
19080,5
19081,1
19082,1
19083,5
19084,8
19085,1
19086,9
19087,5
19088,6
19089,5
19090,9
19091,5
19092,3
19093,5
19094,0
19095,2
19096,8
19097,9
19098,6
19099,6
19100,4
19101,3
19102,1
19103,8
19104,3
19105,2
19106,2
19107,6
19108,1
19109,4
19110,2
19111,4
19112,6
19113,1
19114,1
19115,6
19116,6
19117,8
19118,7
19119,3
19120,9
19121,1
19122,6
19123,3
19124,3
19125,5
19126,7
19127,9
19128,2
19129,5
19130,0
19131,8
19132,7
19133,8
19134,8
19135,9
19136,5
19137,0
19138,8
19139,5
19140,3
19141,8
19142,5
19143,6
19144,5
19145,1
19146,0
19147,7
19148,0
19149,0
19150,6
19151,0
19152,6
19153,6
19154,6
19155,8
19156,0
19157,2
19158,3
19159,4
19160,0
19161,6
19162,0
19163,5
19164,7
19165,0
19166,1
19167,2
19168,6
19169,8
19170,6
19171,7
19172,2
19173,2
19174,5
19175,6
19176,7
19177,1
19178,1
19179,4
19180,8
19181,9
19182,9
19183,9
19184,9
19185,6
19186,9
19187,2
19188,4
19189,0
19190,7
19191,1
19192,6
19193,7
19194,9
19195,2
19196,4
19197,2
19198,5
19199,8
19200,6
19201,7
19202,4
19203,4
19204,9
19205,4
19206,7
19207,1
19208,5
19209,4
19210,0
19211,9
19212,4
19213,0
19214,7
19215,7
19216,4
19217,8
19218,7
19219,7
19220,5
19221,1
19222,6
19223,9
19224,3
19225,3
19226,3
19227,3
19228,2
19229,6
19230,6
19231,8
19232,1
19233,1
19234,9
19235,5
19236,8
19237,1
19238,9
19239,0
19240,2
19241,7
19242,8
19243,8
19244,2
19245,5
19246,2
19247,5
19248,8
19249,7
19250,9
19251,3
19252,4
19253,5
19254,4
19255,3
19256,5
19257,7
19258,7
19259,5
19260,6
19261,4
19262,8
19263,6
19264,8
19265,3
19266,3
19267,4
19268,3
19269,0
19270,8
19271,0
19272,1
19273,8
19274,5
19275,7
19276,3
19277,2
19278,9
19279,4
19280,8
19281,6
19282,2
19283,1
19284,5
19285,0
19286,9
19287,7
19288,8
19289,4
19290,9
19291,1
19292,3
19293,4
19294,1
19295,0
19296,3
19297,2
19298,5
19299,5
19300,4
19301,9
19302,0
19303,5
19304,0
19305,9
19306,6
19307,2
19308,4
19309,9
19310,5
19311,2
19312,7
19313,6
19314,5
19315,8
19316,3
19317,3
19318,9
19319,8
19320,0
19321,2
19322,3
19323,7
19324,3
19325,8
19326,9
19327,5
19328,6
19329,3
19330,8
19331,6
19332,8
19333,9
19334,1
19335,1
19336,7
19337,0
19338,1
19339,3
19340,3
19341,2
19342,6
19343,7
19344,5
19345,2
19346,5
19347,8
19348,8
19349,3
19350,2
19351,0
19352,2
19353,8
19354,7
19355,6
19356,4
19357,3
19358,9
19359,7
19360,8
19361,6
19362,3
19363,2
19364,2
19365,3
19366,9
19367,7
19368,1
19369,1
19370,5
19371,1
19372,1
19373,7
19374,6
19375,9
19376,9
19377,4
19378,0
19379,4
19380,4
19381,4
19382,0
19383,7
19384,2
19385,1
19386,1
19387,0
19388,8
19389,7
19390,8
19391,0
19392,6
19393,5
19394,4
19395,1
19396,7
19397,6
19398,2
19399,1
19400,1
19401,6
19402,1
19403,2
19404,5
19405,0
19406,1
19407,7
19408,9
19409,5
19410,7
19411,4
19412,7
19413,3
19414,7
19415,8
19416,1
19417,3
19418,0
19419,1
19420,4
19421,5
19422,1
19423,2
19424,8
19425,9
19426,5
19427,8
19428,7
19429,2
19430,5
19431,1
19432,5
19433,1
19434,2
19435,1
19436,0
19437,7
19438,4
19439,7
19440,6
19441,7
19442,9
19443,1
19444,3
19445,6
19446,6
19447,9
19448,0
19449,7
19450,7
19451,4
19452,8
19453,1
19454,6
19455,6
19456,3
19457,9
19458,4
19459,0
19460,6
19461,3
19462,4
19463,9
19464,3
19465,8
19466,9
19467,7
19468,9
19469,5
19470,3
19471,7
19472,4
19473,1
19474,1
19475,6
19476,1
19477,9
19478,5
19479,2
19480,6
19481,7
19482,8
19483,1
19484,4
19485,8
19486,2
19487,8
19488,1
19489,1
19490,0
19491,6
19492,3
19493,6
19494,1
19495,6
19496,6
19497,8
19498,7
19499,7
19500,2
19501,3
19502,1
19503,7
19504,4
19505,6
19506,9
19507,0
19508,1
19509,8
19510,2
19511,0
19512,3
19513,5
19514,2
19515,9
19516,7
19517,8
19518,1
19519,8
19520,9
19521,5
19522,2
19523,5
19524,1
19525,8
19526,0
19527,1
19528,0
19529,9
19530,5
19531,8
19532,1
19533,5
19534,8
19535,0
19536,6
19537,4
19538,0
19539,3
19540,7
19541,3
19542,9
19543,5
19544,3
19545,2
19546,0
19547,3
19548,4
19549,8
19550,6
19551,2
19552,1
19553,0
19554,5
19555,1
19556,3
19557,5
19558,9
19559,4
19560,5
19561,9
19562,5
19563,9
19564,0
19565,4
19566,4
19567,5
19568,2
19569,7
19570,0
19571,4
19572,0
19573,5
19574,9
19575,2
19576,5
19577,1
19578,5
19579,3
19580,3
19581,1
19582,2
19583,8
19584,3
19585,3
19586,6
19587,8
19588,0
19589,2
19590,2
19591,6
19592,1
19593,7
19594,5
19595,6
19596,4
19597,2
19598,8
19599,8
19600,1
19601,6
19602,0
19603,0
19604,1
19605,9
19606,7
19607,6
19608,5
19609,2
19610,2
19611,5
19612,6
19613,5
19614,2
19615,7
19616,6
19617,2
19618,3
19619,0
19620,2
19621,9
19622,9
19623,5
19624,6
19625,8
19626,3
19627,1
19628,8
19629,9
19630,7
19631,3
19632,2
19633,9
19634,1
19635,8
19636,1
19637,9
19638,4
19639,7
19640,5
19641,2
19642,4
19643,7
19644,6
19645,8
19646,2
19647,9
19648,1
19649,1
19650,4
19651,5
19652,9
19653,5
19654,2
19655,6
19656,8
19657,4
19658,6
19659,8
19660,8
19661,9
19662,8
19663,0
19664,8
19665,5
19666,0
19667,7
19668,9
19669,4
19670,6
19671,7
19672,3
19673,8
19674,5
19675,2
19676,8
19677,5
19678,8
19679,6
19680,6
19681,3
19682,1
19683,4
19684,7
19685,7
19686,4
19687,9
19688,5
19689,6
19690,3
19691,3
19692,6
19693,1
19694,6
19695,1
19696,4
19697,3
19698,5
19699,1
19700,5
19701,1
19702,6
19703,0
19704,9
19705,4
19706,0
19707,3
19708,3
19709,2
19710,1
19711,8
19712,3
19713,3
19714,0
19715,1
19716,0
19717,2
19718,6
19719,8
19720,6
19721,3
19722,7
19723,1
19724,5
19725,7
19726,2
19727,2
19728,4
19729,4
19730,2
19731,2
19732,1
19733,6
19734,9
19735,1
19736,0
19737,3
19738,2
19739,5
19740,4
19741,6
19742,7
19743,2
19744,9
19745,3
19746,9
19747,4
19748,4
19749,1
19750,6
19751,9
19752,4
19753,4
19754,2
19755,9
19756,0
19757,9
19758,4
19759,8
19760,7
19761,1
19762,3
19763,7
19764,7
19765,2
19766,1
19767,0
19768,7
19769,7
19770,4
19771,2
19772,0
19773,8
19774,7
19775,1
19776,4
19777,5
19778,7
19779,4
19780,0
19781,9
19782,7
19783,8
19784,8
19785,6
19786,7
19787,0
19788,7
19789,6
19790,7
19791,8
19792,5
19793,0
19794,4
19795,4
19796,7
19797,1
19798,0
19799,0
19800,0
19801,7
19802,0
19803,5
19804,8
19805,4
19806,5
19807,6
19808,9
19809,9
19810,1
19811,1
19812,3
19813,7
19814,8
19815,8
19816,4
19817,7
19818,4
19819,9
19820,0
19821,2
19822,2
19823,8
19824,8
19825,9
19826,4
19827,0
19828,0
19829,0
19830,9
19831,7
19832,9
19833,7
19834,8
19835,4
19836,5
19837,7
19838,5
19839,2
19840,1
19841,0
19842,3
19843,3
19844,8
19845,8
19846,5
19847,0
19848,5
19849,6
19850,5
19851,4
19852,0
19853,5
19854,2
19855,8
19856,5
19857,7
19858,7
19859,9
19860,1
19861,6
19862,3
19863,3
19864,4
19865,0
19866,6
19867,5
19868,2
19869,3
19870,8
19871,2
19872,9
19873,7
19874,9
19875,6
19876,3
19877,1
19878,7
19879,3
19880,0
19881,5
19882,7
19883,0
19884,0
19885,7
19886,8
19887,8
19888,8
19889,9
19890,5
19891,2
19892,4
19893,5
19894,8
19895,0
19896,3
19897,7
19898,7
19899,1
19900,6
19901,7
19902,3
19903,2
19904,0
19905,6
19906,9
19907,9
19908,4
19909,5
19910,4
19911,3
19912,6
19913,2
19914,4
19915,9
19916,0
19917,8
19918,3
19919,9
19920,8
19921,0
19922,9
19923,6
19924,3
19925,5
19926,4
19927,7
19928,2
19929,8
19930,5
19931,1
19932,4
19933,3
19934,1
19935,5
19936,3
19937,3
19938,5
19939,4
19940,9
19941,2
19942,3
19943,5
19944,8
19945,2
19946,6
19947,0
19948,2
19949,8
19950,7
19951,9
19952,7
19953,6
19954,7
19955,1
19956,6
19957,5
19958,5
19959,0
19960,1
19961,5
19962,6
19963,5
19964,7
19965,7
19966,7
19967,7
19968,7
19969,9
19970,3
19971,2
19972,7
19973,4
19974,7
19975,3
19976,4
19977,9
19978,3
19979,0
19980,2
19981,0
19982,9
19983,8
19984,4
19985,6
19986,7
19987,7
19988,2
19989,0
19990,3
19991,0
19992,0
19993,0
19994,1
19995,5
19996,5
19997,1
19998,9
19999,2
20000,6
20001,1
20002,3
20003,2
20004,4
20005,6
20006,5
20007,4
20008,2
20009,4
20010,0
20011,7
20012,6
20013,9
20014,6
20015,8
20016,6
20017,7
20018,8
20019,0
20020,2
20021,3
20022,3
20023,1
20024,5
20025,9
20026,7
20027,1
20028,3
20029,6
20030,3
20031,5
20032,4
20033,4
20034,6
20035,1
20036,5
20037,9
20038,1
20039,9
20040,2
20041,1
20042,9
20043,1
20044,0
20045,2
20046,4
20047,4
20048,0
20049,3
20050,4
20051,8
20052,6
20053,9
20054,9
20055,5
20056,9
20057,6
20058,0
20059,3
20060,2
20061,3
20062,1
20063,7
20064,4
20065,7
20066,7
20067,0
20068,5
20069,6
20070,7
20071,4
20072,3
20073,6
20074,3
20075,6
20076,7
20077,5
20078,4
20079,4
20080,8
20081,7
20082,1
20083,0
20084,5
20085,0
20086,3
20087,4
20088,2
20089,2
20090,6
20091,2
20092,6
20093,8
20094,8
20095,9
20096,3
20097,7
20098,7
20099,0
20100,7
20101,0
20102,0
20103,9
20104,2
20105,9
20106,0
20107,7
20108,1
20109,9
20110,4
20111,7
20112,0
20113,1
20114,8
20115,5
20116,5
20117,8
20118,0
20119,6
20120,6
20121,0
20122,2
20123,5
20124,8
20125,6
20126,0
20127,7
20128,8
20129,7
20130,7
20131,8
20132,3
20133,1
20134,4
20135,0
20136,0
20137,9
20138,3
20139,9
20140,7
20141,7
20142,8
20143,6
20144,0
20145,0
20146,1
20147,1
20148,3
20149,9
20150,8
20151,3
20152,4
20153,1
20154,9
20155,0
20156,3
20157,0
20158,3
20159,1
20160,2
20161,7
20162,4
20163,2
20164,5
20165,1
20166,3
20167,8
20168,1
20169,8
20170,2
20171,2
20172,1
20173,5
20174,5
20175,0
20176,3
20177,0
20178,1
20179,3
20180,5
20181,1
20182,5
20183,7
20184,5
20185,2
20186,0
20187,8
20188,3
20189,6
20190,5
20191,7
20192,4
20193,9
20194,0
20195,3
20196,0
20197,4
20198,8
20199,1
20200,8
20201,3
20202,1
20203,3
20204,1
20205,4
20206,7
20207,3
20208,0
20209,8
20210,0
20211,8
20212,2
20213,0
20214,5
20215,2
20216,2
20217,1
20218,8
20219,5
20220,9
20221,7
20222,7
20223,3
20224,8
20225,1
20226,6
20227,9
20228,6
20229,5
20230,9
20231,2
20232,1
20233,8
20234,6
20235,7
20236,7
20237,1
20238,3
20239,2
20240,8
20241,6
20242,2
20243,5
20244,2
20245,8
20246,8
20247,0
20248,3
20249,0
20250,2
20251,0
20252,4
20253,6
20254,5
20255,4
20256,8
20257,5
20258,0
20259,3
20260,3
20261,7
20262,0
20263,7
20264,3
20265,3
20266,7
20267,4
20268,4
20269,2
20270,1
20271,7
20272,5
20273,8
20274,3
20275,2
20276,2
20277,3
20278,1
20279,7
20280,7
20281,4
20282,2
20283,8
20284,4
20285,2
20286,6
20287,0
20288,5
20289,1
20290,3
20291,9
20292,1
20293,7
20294,3
20295,2
20296,2
20297,8
20298,3
20299,2
20300,8
20301,9
20302,9
20303,5
20304,1
20305,3
20306,2
20307,7
20308,9
20309,4
20310,8
20311,1
20312,4
20313,7
20314,9
20315,9
20316,0
20317,0
20318,3
20319,6
20320,7
20321,0
20322,1
20323,8
20324,3
20325,4
20326,7
20327,7
20328,5
20329,5
20330,3
20331,0
20332,9
20333,9
20334,9
20335,4
20336,6
20337,4
20338,8
20339,2
20340,1
20341,8
20342,5
20343,6
20344,6
20345,9
20346,2
20347,0
20348,6
20349,3
20350,3
20351,3
20352,6
20353,7
20354,2
20355,0
20356,9
20357,2
20358,8
20359,6
20360,7
20361,3
20362,2
20363,8
20364,6
20365,8
20366,8
20367,7
20368,7
20369,2
20370,8
20371,2
20372,0
20373,7
20374,8
20375,7
20376,9
20377,5
20378,8
20379,3
20380,1
20381,2
20382,2
20383,1
20384,4
20385,1
20386,7
20387,4
20388,4
20389,3
20390,7
20391,4
20392,9
20393,5
20394,2
20395,2
20396,1
20397,6
20398,7
20399,7
20400,8
20401,9
20402,0
20403,4
20404,6
20405,3
20406,6
20407,8
20408,6
20409,8
20410,1
20411,7
20412,7
20413,9
20414,1
20415,9
20416,2
20417,3
20418,7
20419,1
20420,8
20421,0
20422,7
20423,7
20424,0
20425,7
20426,8
20427,9
20428,2
20429,3
20430,2
20431,8
20432,1
20433,9
20434,5
20435,8
20436,1
20437,8
20438,6
20439,3
20440,9
20441,0
20442,2
20443,0
20444,7
20445,6
20446,3
20447,6
20448,7
20449,1
20450,9
20451,0
20452,2
20453,5
20454,1
20455,9
20456,9
20457,6
20458,6
20459,9
20460,1
20461,6
20462,6
20463,3
20464,5
20465,4
20466,5
20467,5
20468,7
20469,5
20470,9
20471,8
20472,0
20473,1
20474,0
20475,5
20476,3
20477,5
20478,2
20479,4
20480,9
20481,9
20482,0
20483,2
20484,9
20485,9
20486,6
20487,0
20488,7
20489,5
20490,1
20491,2
20492,5
20493,1
20494,0
20495,9
20496,3
20497,4
20498,1
20499,4
20500,7
20501,4
20502,0
20503,5
20504,0
20505,0
20506,1
20507,4
20508,7
20509,1
20510,3
20511,9
20512,0
20513,8
20514,1
20515,4
20516,6
20517,4
20518,5
20519,5
20520,6
20521,8
20522,6
20523,9
20524,8
20525,1
20526,6
20527,3
20528,4
20529,8
20530,9
20531,9
20532,0
20533,4
20534,4
20535,1
20536,4
20537,0
20538,3
20539,2
20540,8
20541,5
20542,6
20543,8
20544,3
20545,2
20546,0
20547,7
20548,3
20549,6
20550,1
20551,8
20552,0
20553,7
20554,8
20555,0
20556,4
20557,3
20558,5
20559,6
20560,5
20561,8
20562,1
20563,3
20564,1
20565,7
20566,1
20567,8
20568,1
20569,6
20570,0
20571,1
20572,1
20573,3
20574,6
20575,4
20576,6
20577,9
20578,3
20579,5
20580,7
20581,5
20582,4
20583,2
20584,1
20585,0
20586,8
20587,0
20588,3
20589,1
20590,1
20591,4
20592,5
20593,6
20594,8
20595,5
20596,1
20597,6
20598,7
20599,7
20600,5
20601,9
20602,4
20603,7
20604,5
20605,1
20606,7
20607,2
20608,6
20609,9
20610,6
20611,6
20612,2
20613,8
20614,1
20615,1
20616,2
20617,3
20618,7
20619,0
20620,5
20621,7
20622,2
20623,5
20624,4
20625,4
20626,6
20627,0
20628,2
20629,3
20630,5
20631,6
20632,8
20633,5
20634,7
20635,6
20636,6
20637,1
20638,7
20639,6
20640,6
20641,5
20642,4
20643,5
20644,6
20645,7
20646,7
20647,6
20648,5
20649,6
20650,7
20651,2
20652,3
20653,6
20654,8
20655,6
20656,4
20657,1
20658,8
20659,5
20660,0
20661,5
20662,6
20663,8
20664,9
20665,8
20666,7
20667,1
20668,5
20669,3
20670,8
20671,5
20672,2
20673,1
20674,3
20675,2
20676,8
20677,9
20678,1
20679,1
20680,1
20681,0
20682,5
20683,8
20684,9
20685,7
20686,1
20687,6
20688,7
20689,8
20690,8
20691,7
20692,3
20693,4
20694,8
20695,9
20696,9
20697,6
20698,7
20699,0
20700,8
20701,4
20702,8
20703,8
20704,6
20705,2
20706,7
20707,5
20708,5
20709,0
20710,6
20711,5
20712,3
20713,0
20714,9
20715,7
20716,5
20717,5
20718,9
20719,3
20720,9
20721,8
20722,4
20723,0
20724,5
20725,1
20726,9
20727,3
20728,0
20729,4
20730,2
20731,6
20732,3
20733,0
20734,0
20735,2
20736,5
20737,3
20738,9
20739,7
20740,7
20741,2
20742,0
20743,6
20744,9
20745,7
20746,1
20747,3
20748,5
20749,7
20750,1
20751,0
20752,3
20753,5
20754,1
20755,7
20756,1
20757,5
20758,8
20759,3
20760,3
20761,3
20762,9
20763,3
20764,2
20765,1
20766,8
20767,8
20768,7
20769,3
20770,2
20771,5
20772,6
20773,3
20774,5
20775,8
20776,7
20777,5
20778,8
20779,2
20780,2
20781,9
20782,3
20783,7
20784,4
20785,9
20786,9
20787,8
20788,2
20789,8
20790,0
20791,8
20792,0
20793,1
20794,7
20795,6
20796,0
20797,1
20798,6
20799,7
20800,8
20801,6
20802,7
20803,2
20804,2
20805,5
20806,0
20807,6
20808,0
20809,9
20810,5
20811,4
20812,6
20813,5
20814,9
20815,6
20816,9
20817,5
20818,6
20819,7
20820,6
20821,0
20822,7
20823,1
20824,9
20825,2
20826,7
20827,9
20828,4
20829,4
20830,2
20831,7
20832,8
20833,4
20834,1
20835,1
20836,8
20837,0
20838,5
20839,4
20840,9
20841,7
20842,5
20843,5
20844,2
20845,7
20846,1
20847,6
20848,2
20849,9
20850,6
20851,9
20852,6
20853,8
20854,0
20855,3
20856,3
20857,9
20858,7
20859,4
20860,0
20861,3
20862,5
20863,8
20864,9
20865,8
20866,7
20867,6
20868,6
20869,7
20870,8
20871,9
20872,0
20873,2
20874,3
20875,9
20876,5
20877,0
20878,8
20879,9
20880,6
20881,6
20882,1
20883,5
20884,0
20885,6
20886,0
20887,0
20888,9
20889,2
20890,6
20891,3
20892,5
20893,5
20894,3
20895,5
20896,9
20897,3
20898,9
20899,0
20900,4
20901,2
20902,8
20903,8
20904,9
20905,9
20906,3
20907,1
20908,4
20909,0
20910,7
20911,0
20912,5
20913,3
20914,6
20915,5
20916,4
20917,9
20918,9
20919,8
20920,4
20921,9
20922,7
20923,9
20924,3
20925,6
20926,4
20927,2
20928,0
20929,9
20930,3
20931,4
20932,6
20933,8
20934,1
20935,8
20936,3
20937,5
20938,1
20939,9
20940,3
20941,7
20942,9
20943,4
20944,9
20945,3
20946,2
20947,4
20948,1
20949,3
20950,1
20951,6
20952,4
20953,9
20954,8
20955,1
20956,6
20957,5
20958,2
20959,7
20960,3
20961,4
20962,4
20963,8
20964,7
20965,6
20966,0
20967,5
20968,1
20969,8
20970,6
20971,9
20972,9
20973,2
20974,8
20975,8
20976,2
20977,5
20978,1
20979,7
20980,7
20981,2
20982,0
20983,4
20984,6
20985,5
20986,6
20987,5
20988,2
20989,2
20990,2
20991,7
20992,8
20993,3
20994,0
20995,6
20996,9
20997,6
20998,6
20999,6
21000,2
21001,0
21002,1
21003,3
21004,0
21005,1
21006,0
21007,5
21008,9
21009,1
21010,4
21011,1
21012,8
21013,4
21014,8
21015,6
21016,4
21017,4
21018,7
21019,6
21020,2
21021,5
21022,6
21023,9
21024,2
21025,8
21026,9
21027,2
21028,4
21029,8
21030,5
21031,6
21032,6
21033,8
21034,3
21035,7
21036,1
21037,2
21038,7
21039,7
21040,7
21041,2
21042,5
21043,5
21044,7
21045,4
21046,8
21047,1
21048,9
21049,3
21050,0
21051,2
21052,9
21053,7
21054,1
21055,0
21056,4
21057,3
21058,5
21059,8
21060,7
21061,5
21062,9
21063,3
21064,2
21065,5
21066,3
21067,5
21068,5
21069,7
21070,5
21071,5
21072,6
21073,0
21074,6
21075,5
21076,1
21077,2
21078,0
21079,8
21080,4
21081,4
21082,9
21083,6
21084,7
21085,2
21086,8
21087,9
21088,6
21089,6
21090,5
21091,0
21092,2
21093,8
21094,3
21095,9
21096,6
21097,4
21098,3
21099,2
21100,1
21101,1
21102,5
21103,1
21104,8
21105,5
21106,7
21107,6
21108,5
21109,9
21110,2
21111,1
21112,0
21113,7
21114,1
21115,6
21116,3
21117,3
21118,3
21119,8
21120,0
21121,0
21122,6
21123,3
21124,1
21125,0
21126,5
21127,1
21128,2
21129,2
21130,1
21131,0
21132,5
21133,0
21134,4
21135,5
21136,6
21137,5
21138,6
21139,0
21140,3
21141,1
21142,2
21143,2
21144,1
21145,7
21146,7
21147,3
21148,3
21149,4
21150,3
21151,9
21152,3
21153,6
21154,3
21155,0
21156,7
21157,0
21158,5
21159,7
21160,8
21161,9
21162,7
21163,3
21164,2
21165,6
21166,2
21167,5
21168,9
21169,6
21170,9
21171,9
21172,1
21173,2
21174,3
21175,1
21176,9
21177,1
21178,0
21179,9
21180,0
21181,2
21182,1
21183,0
21184,0
21185,4
21186,3
21187,6
21188,1
21189,3
21190,8
21191,3
21192,1
21193,7
21194,4
21195,8
21196,0
21197,6
21198,9
21199,9
21200,8
21201,6
21202,7
21203,7
21204,4
21205,6
21206,8
21207,1
21208,3
21209,6
21210,6
21211,6
21212,7
21213,6
21214,7
21215,8
21216,3
21217,1
21218,7
21219,9
21220,4
21221,3
21222,4
21223,6
21224,0
21225,5
21226,0
21227,3
21228,8
21229,5
21230,2
21231,8
21232,1
21233,2
21234,7
21235,1
21236,8
21237,2
21238,7
21239,8
21240,5
21241,7
21242,6
21243,5
21244,9
21245,4
21246,7
21247,6
21248,4
21249,1
21250,2
21251,5
21252,1
21253,3
21254,5
21255,3
21256,4
21257,2
21258,1
21259,4
21260,9
21261,3
21262,7
21263,3
21264,9
21265,1
21266,1
21267,6
21268,5
21269,2
21270,6
21271,4
21272,8
21273,6
21274,1
21275,4
21276,3
21277,6
21278,7
21279,8
21280,3
21281,6
21282,6
21283,4
21284,6
21285,6
21286,5
21287,9
21288,1
21289,6
21290,3
21291,9
21292,5
21293,6
21294,5
21295,2
21296,2
21297,5
21298,9
21299,5
21300,4
21301,4
21302,3
21303,6
21304,7
21305,6
21306,1
21307,6
21308,0
21309,6
21310,1
21311,3
21312,5
21313,0
21314,5
21315,9
21316,9
21317,7
21318,1
21319,5
21320,8
21321,8
21322,3
21323,3
21324,8
21325,2
21326,6
21327,9
21328,9
21329,1
21330,9
21331,6
21332,5
21333,2
21334,9
21335,2
21336,9
21337,3
21338,3
21339,0
21340,0
21341,2
21342,2
21343,5
21344,5
21345,7
21346,7
21347,2
21348,6
21349,0
21350,5
21351,5
21352,5
21353,3
21354,5
21355,7
21356,4
21357,5
21358,8
21359,0
21360,0
21361,1
21362,4
21363,6
21364,2
21365,2
21366,5
21367,5
21368,7
21369,9
21370,3
21371,8
21372,8
21373,1
21374,9
21375,6
21376,7
21377,0
21378,2
21379,8
21380,7
21381,6
21382,4
21383,8
21384,9
21385,7
21386,4
21387,7
21388,4
21389,7
21390,4
21391,9
21392,7
21393,2
21394,7
21395,1
21396,7
21397,3
21398,8
21399,4
21400,7
21401,4
21402,9
21403,9
21404,7
21405,0
21406,3
21407,8
21408,4
21409,8
21410,4
21411,9
21412,5
21413,0
21414,3
21415,8
21416,8
21417,5
21418,1
21419,4
21420,5
21421,8
21422,0
21423,0
21424,2
21425,7
21426,2
21427,5
21428,1
21429,8
21430,3
21431,7
21432,5
21433,6
21434,3
21435,5
21436,5
21437,9
21438,3
21439,6
21440,3
21441,0
21442,4
21443,0
21444,0
21445,3
21446,4
21447,4
21448,8
21449,2
21450,6
21451,3
21452,3
21453,1
21454,2
21455,3
21456,0
21457,2
21458,8
21459,8
21460,7
21461,7
21462,0
21463,5
21464,9
21465,7
21466,5
21467,2
21468,1
21469,4
21470,5
21471,8
21472,6
21473,9
21474,7
21475,4
21476,1
21477,1
21478,6
21479,8
21480,1
21481,0
21482,3
21483,8
21484,5
21485,2
21486,1
21487,3
21488,6
21489,9
21490,4
21491,1
21492,5
21493,7
21494,2
21495,1
21496,2
21497,4
21498,1
21499,9
21500,4
21501,4
21502,3
21503,3
21504,7
21505,9
21506,4
21507,6
21508,6
21509,2
21510,3
21511,0
21512,1
21513,6
21514,1
21515,7
21516,7
21517,9
21518,9
21519,1
21520,5
21521,7
21522,0
21523,5
21524,3
21525,0
21526,8
21527,9
21528,0
21529,3
21530,0
21531,5
21532,0
21533,5
21534,2
21535,8
21536,7
21537,5
21538,2
21539,6
21540,2
21541,7
21542,0
21543,8
21544,4
21545,6
21546,1
21547,5
21548,2
21549,6
21550,9
21551,3
21552,6
21553,2
21554,3
21555,9
21556,2
21557,2
21558,2
21559,9
21560,9
21561,8
21562,6
21563,5
21564,6
21565,3
21566,1
21567,5
21568,9
21569,3
21570,5
21571,0
21572,3
21573,0
21574,5
21575,9
21576,1
21577,1
21578,8
21579,9
21580,9
21581,7
21582,8
21583,1
21584,7
21585,6
21586,4
21587,7
21588,9
21589,4
21590,0
21591,7
21592,2
21593,3
21594,4
21595,4
21596,7
21597,9
21598,5
21599,8
21600,9
21601,8
21602,7
21603,6
21604,8
21605,0
21606,4
21607,3
21608,7
21609,5
21610,2
21611,4
21612,1
21613,2
21614,2
21615,1
21616,5
21617,0
21618,6
21619,6
21620,8
21621,3
21622,2
21623,2
21624,4
21625,1
21626,0
21627,8
21628,3
21629,7
21630,6
21631,9
21632,3
21633,2
21634,2
21635,3
21636,5
21637,6
21638,7
21639,1
21640,4
21641,5
21642,8
21643,6
21644,2
21645,1
21646,9
21647,8
21648,7
21649,6
21650,4
21651,3
21652,3
21653,1
21654,8
21655,1
21656,6
21657,2
21658,4
21659,0
21660,6
21661,0
21662,7
21663,4
21664,9
21665,8
21666,9
21667,3
21668,4
21669,9
21670,8
21671,6
21672,2
21673,6
21674,2
21675,0
21676,2
21677,2
21678,5
21679,0
21680,2
21681,5
21682,9
21683,5
21684,1
21685,3
21686,4
21687,5
21688,7
21689,5
21690,2
21691,0
21692,2
21693,6
21694,5
21695,3
21696,1
21697,3
21698,8
21699,6
21700,6
21701,6
21702,6
21703,4
21704,8
21705,8
21706,7
21707,5
21708,6
21709,1
21710,3
21711,8
21712,2
21713,0
21714,9
21715,9
21716,2
21717,8
21718,7
21719,5
21720,6
21721,6
21722,0
21723,2
21724,7
21725,6
21726,3
21727,8
21728,4
21729,8
21730,3
21731,6
21732,3
21733,5
21734,5
21735,6
21736,4
21737,1
21738,6
21739,2
21740,9
21741,2
21742,4
21743,0
21744,4
21745,0
21746,7
21747,7
21748,3
21749,0
21750,9
21751,9
21752,8
21753,5
21754,7
21755,7
21756,2
21757,6
21758,8
21759,8
21760,3
21761,3
21762,7
21763,8
21764,2
21765,0
21766,8
21767,7
21768,1
21769,1
21770,4
21771,6
21772,4
21773,4
21774,7
21775,8
21776,1
21777,3
21778,3
21779,6
21780,5
21781,9
21782,3
21783,8
21784,5
21785,2
21786,9
21787,6
21788,3
21789,4
21790,0
21791,5
21792,0
21793,5
21794,0
21795,0
21796,2
21797,4
21798,0
21799,8
21800,1
21801,0
21802,6
21803,8
21804,2
21805,8
21806,6
21807,9
21808,7
21809,6
21810,7
21811,5
21812,8
21813,3
21814,3
21815,2
21816,6
21817,7
21818,8
21819,8
21820,5
21821,5
21822,2
21823,3
21824,5
21825,3
21826,8
21827,7
21828,9
21829,2
21830,1
21831,5
21832,3
21833,9
21834,6
21835,4
21836,2
21837,5
21838,9
21839,3
21840,6
21841,9
21842,9
21843,2
21844,6
21845,6
21846,4
21847,1
21848,6
21849,6
21850,6
21851,7
21852,0
21853,2
21854,0
21855,5
21856,5
21857,8
21858,8
21859,4
21860,1
21861,5
21862,8
21863,1
21864,7
21865,0
21866,7
21867,9
21868,7
21869,1
21870,5
21871,6
21872,9
21873,6
21874,5
21875,1
21876,7
21877,5
21878,9
21879,1
21880,5
21881,8
21882,3
21883,0
21884,8
21885,3
21886,3
21887,2
21888,3
21889,1
21890,1
21891,0
21892,1
21893,4
21894,3
21895,5
21896,5
21897,6
21898,9
21899,5
21900,1
21901,8
21902,3
21903,5
21904,3
21905,6
21906,5
21907,2
21908,4
21909,3
21910,7
21911,1
21912,7
21913,3
21914,7
21915,7
21916,7
21917,3
21918,2
21919,3
21920,1
21921,3
21922,3
21923,3
21924,2
21925,7
21926,6
21927,5
21928,2
21929,0
21930,9
21931,5
21932,1
21933,6
21934,4
21935,7
21936,8
21937,0
21938,9
21939,1
21940,1
21941,8
21942,8
21943,8
21944,8
21945,0
21946,0
21947,8
21948,0
21949,6
21950,8
21951,5
21952,3
21953,4
21954,3
21955,8
21956,7
21957,5
21958,1
21959,4
21960,7
21961,1
21962,8
21963,4
21964,9
21965,8
21966,8
21967,9
21968,0
21969,2
21970,7
21971,7
21972,8
21973,2
21974,6
21975,6
21976,1
21977,9
21978,5
21979,7
21980,0
21981,6
21982,8
21983,5
21984,5
21985,3
21986,0
21987,5
21988,6
21989,6
21990,3
21991,8
21992,6
21993,5
21994,8
21995,6
21996,1
21997,2
21998,1
21999,5
22000,8
22001,9
22002,9
22003,5
22004,0
22005,9
22006,0
22007,2
22008,6
22009,6
22010,7
22011,4
22012,2
22013,5
22014,3
22015,3
22016,4
22017,9
22018,6
22019,6
22020,6
22021,7
22022,4
22023,2
22024,4
22025,1
22026,7
22027,8
22028,0
22029,6
22030,2
22031,9
22032,8
22033,0
22034,2
22035,6
22036,4
22037,7
22038,9
22039,6
22040,5
22041,4
22042,1
22043,7
22044,3
22045,7
22046,0
22047,6
22048,5
22049,8
22050,3
22051,8
22052,0
22053,0
22054,2
22055,8
22056,9
22057,5
22058,3
22059,0
22060,8
22061,8
22062,8
22063,7
22064,6
22065,1
22066,3
22067,3
22068,1
22069,6
22070,3
22071,5
22072,7
22073,9
22074,7
22075,7
22076,3
22077,7
22078,3
22079,6
22080,8
22081,6
22082,4
22083,9
22084,5
22085,1
22086,0
22087,5
22088,8
22089,4
22090,2
22091,1
22092,1
22093,6
22094,3
22095,4
22096,2
22097,2
22098,5
22099,6
22100,5
22101,0
22102,5
22103,2
22104,5
22105,4
22106,6
22107,2
22108,5
22109,0
22110,0
22111,0
22112,6
22113,4
22114,2
22115,3
22116,4
22117,3
22118,7
22119,7
22120,4
22121,7
22122,2
22123,7
22124,5
22125,8
22126,2
22127,8
22128,2
22129,0
22130,2
22131,9
22132,1
22133,7
22134,8
22135,8
22136,7
22137,4
22138,6
22139,6
22140,5
22141,5
22142,1
22143,4
22144,4
22145,0
22146,4
22147,0
22148,9
22149,6
22150,3
22151,2
22152,8
22153,6
22154,5
22155,5
22156,6
22157,1
22158,3
22159,7
22160,7
22161,5
22162,0
22163,3
22164,6
22165,4
22166,9
22167,1
22168,6
22169,9
22170,4
22171,6
22172,7
22173,3
22174,1
22175,9
22176,9
22177,8
22178,2
22179,9
22180,4
22181,8
22182,0
22183,7
22184,8
22185,9
22186,0
22187,3
22188,5
22189,3
22190,4
22191,5
22192,7
22193,7
22194,0
22195,3
22196,7
22197,5
22198,8
22199,9
22200,4
22201,4
22202,2
22203,5
22204,6
22205,0
22206,8
22207,4
22208,0
22209,2
22210,7
22211,8
22212,1
22213,5
22214,3
22215,6
22216,8
22217,2
22218,7
22219,0
22220,5
22221,7
22222,6
22223,0
22224,5
22225,4
22226,3
22227,4
22228,2
22229,9
22230,8
22231,1
22232,4
22233,8
22234,0
22235,5
22236,9
22237,6
22238,3
22239,0
22240,7
22241,6
22242,2
22243,8
22244,2
22245,1
22246,2
22247,8
22248,0
22249,1
22250,4
22251,1
22252,0
22253,4
22254,3
22255,9
22256,6
22257,5
22258,5
22259,1
22260,0
22261,3
22262,4
22263,8
22264,4
22265,2
22266,2
22267,1
22268,3
22269,7
22270,1
22271,2
22272,5
22273,4
22274,2
22275,2
22276,1
22277,9
22278,4
22279,6
22280,9
22281,8
22282,6
22283,3
22284,3
22285,8
22286,7
22287,9
22288,7
22289,7
22290,1
22291,1
22292,1
22293,6
22294,5
22295,7
22296,2
22297,4
22298,3
22299,5
22300,6
22301,0
22302,4
22303,6
22304,8
22305,2
22306,0
22307,5
22308,1
22309,6
22310,6
22311,7
22312,9
22313,7
22314,6
22315,8
22316,8
22317,0
22318,9
22319,4
22320,7
22321,6
22322,2
22323,8
22324,8
22325,6
22326,0
22327,2
22328,5
22329,9
22330,3
22331,6
22332,4
22333,8
22334,4
22335,6
22336,2
22337,7
22338,0
22339,7
22340,4
22341,6
22342,4
22343,1
22344,9
22345,5
22346,6
22347,9
22348,8
22349,5
22350,5
22351,2
22352,7
22353,3
22354,7
22355,1
22356,7
22357,8
22358,1
22359,5
22360,2
22361,8
22362,4
22363,7
22364,9
22365,4
22366,4
22367,0
22368,5
22369,4
22370,9
22371,2
22372,6
22373,1
22374,1
22375,9
22376,8
22377,5
22378,5
22379,3
22380,5
22381,5
22382,8
22383,6
22384,8
22385,4
22386,0
22387,7
22388,9
22389,3
22390,2
22391,6
22392,0
22393,4
22394,1
22395,6
22396,8
22397,7
22398,4
22399,5
22400,2
22401,0
22402,6
22403,4
22404,3
22405,0
22406,0
22407,5
22408,5
22409,5
22410,6
22411,5
22412,4
22413,5
22414,3
22415,3
22416,6
22417,0
22418,0
22419,4
22420,1
22421,3
22422,0
22423,1
22424,5
22425,3
22426,0
22427,1
22428,2
22429,3
22430,9
22431,8
22432,6
22433,1
22434,8
22435,7
22436,3
22437,8
22438,7
22439,2
22440,4
22441,1
22442,9
22443,4
22444,3
22445,9
22446,5
22447,0
22448,6
22449,7
22450,4
22451,9
22452,5
22453,2
22454,5
22455,4
22456,7
22457,6
22458,2
22459,8
22460,1
22461,2
22462,5
22463,5
22464,6
22465,5
22466,6
22467,4
22468,2
22469,7
22470,1
22471,9
22472,3
22473,2
22474,8
22475,7
22476,1
22477,2
22478,4
22479,4
22480,0
22481,0
22482,9
22483,7
22484,7
22485,4
22486,6
22487,4
22488,1
22489,3
22490,2
22491,1
22492,5
22493,7
22494,2
22495,1
22496,9
22497,8
22498,4
22499,8
22500,6
22501,7
22502,3
22503,7
22504,5
22505,7
22506,8
22507,9
22508,5
22509,5
22510,0
22511,0
22512,8
22513,2
22514,6
22515,0
22516,8
22517,0
22518,7
22519,2
22520,3
22521,6
22522,2
22523,9
22524,5
22525,5
22526,0
22527,4
22528,5
22529,2
22530,7
22531,7
22532,1
22533,2
22534,0
22535,4
22536,6
22537,3
22538,5
22539,8
22540,6
22541,9
22542,5
22543,0
22544,8
22545,8
22546,1
22547,3
22548,7
22549,8
22550,9
22551,8
22552,8
22553,3
22554,2
22555,2
22556,3
22557,2
22558,7
22559,0
22560,3
22561,9
22562,8
22563,2
22564,2
22565,4
22566,0
22567,8
22568,2
22569,6
22570,8
22571,8
22572,0
22573,3
22574,7
22575,8
22576,6
22577,9
22578,9
22579,9
22580,9
22581,5
22582,1
22583,2
22584,5
22585,1
22586,0
22587,7
22588,7
22589,5
22590,3
22591,9
22592,8
22593,5
22594,0
22595,6
22596,4
22597,2
22598,6
22599,0
22600,7
22601,8
22602,9
22603,7
22604,8
22605,5
22606,4
22607,9
22608,2
22609,9
22610,3
22611,9
22612,4
22613,0
22614,6
22615,6
22616,3
22617,8
22618,1
22619,6
22620,5
22621,0
22622,1
22623,1
22624,6
22625,6
22626,2
22627,3
22628,2
22629,5
22630,5
22631,9
22632,1
22633,2
22634,7
22635,8
22636,1
22637,4
22638,3
22639,5
22640,7
22641,1
22642,9
22643,0
22644,8
22645,3
22646,0
22647,4
22648,4
22649,8
22650,5
22651,1
22652,9
22653,1
22654,3
22655,0
22656,9
22657,7
22658,8
22659,8
22660,7
22661,4
22662,4
22663,1
22664,9
22665,2
22666,2
22667,4
22668,2
22669,3
22670,6
22671,1
22672,7
22673,2
22674,4
22675,3
22676,4
22677,0
22678,7
22679,1
22680,9
22681,0
22682,0
22683,0
22684,8
22685,0
22686,8
22687,3
22688,1
22689,3
22690,0
22691,7
22692,0
22693,3
22694,0
22695,4
22696,6
22697,3
22698,0
22699,5
22700,8
22701,6
22702,0
22703,4
22704,6
22705,4
22706,6
22707,6
22708,6
22709,0
22710,6
22711,1
22712,2
22713,8
22714,1
22715,5
22716,3
22717,5
22718,8
22719,6
22720,3
22721,4
22722,2
22723,0
22724,9
22725,7
22726,1
22727,8
22728,2
22729,2
22730,2
22731,5
22732,5
22733,8
22734,3
22735,3
22736,7
22737,0
22738,6
22739,6
22740,4
22741,2
22742,0
22743,5
22744,1
22745,7
22746,4
22747,2
22748,6
22749,8
22750,3
22751,6
22752,1
22753,6
22754,1
22755,2
22756,2
22757,9
22758,0
22759,6
22760,0
22761,6
22762,1
22763,4
22764,3
22765,6
22766,6
22767,7
22768,0
22769,5
22770,8
22771,6
22772,4
22773,6
22774,0
22775,0
22776,2
22777,8
22778,2
22779,7
22780,2
22781,1
22782,8
22783,1
22784,5
22785,2
22786,9
22787,8
22788,5
22789,6
22790,0
22791,7
22792,4
22793,3
22794,1
22795,4
22796,6
22797,6
22798,0
22799,1
22800,9
22801,8
22802,7
22803,9
22804,7
22805,7
22806,5
22807,9
22808,7
22809,6
22810,0
22811,3
22812,4
22813,7
22814,6
22815,7
22816,0
22817,0
22818,5
22819,5
22820,9
22821,3
22822,5
22823,0
22824,9
22825,9
22826,5
22827,1
22828,8
22829,6
22830,5
22831,3
22832,5
22833,9
22834,5
22835,1
22836,9
22837,6
22838,5
22839,6
22840,1
22841,8
22842,3
22843,0
22844,7
22845,6
22846,1
22847,2
22848,6
22849,1
22850,9
22851,1
22852,3
22853,3
22854,8
22855,4
22856,3
22857,8
22858,1
22859,8
22860,9
22861,7
22862,0
22863,0
22864,7
22865,6
22866,2
22867,4
22868,0
22869,1
22870,6
22871,0
22872,7
22873,3
22874,5
22875,8
22876,5
22877,5
22878,2
22879,4
22880,4
22881,1
22882,7
22883,9
22884,2
22885,5
22886,4
22887,8
22888,7
22889,2
22890,6
22891,6
22892,4
22893,5
22894,4
22895,4
22896,8
22897,3
22898,5
22899,8
22900,8
22901,0
22902,4
22903,4
22904,0
22905,1
22906,6
22907,2
22908,6
22909,3
22910,7
22911,6
22912,9
22913,0
22914,6
22915,9
22916,3
22917,0
22918,3
22919,1
22920,2
22921,6
22922,8
22923,8
22924,2
22925,0
22926,2
22927,9
22928,2
22929,9
22930,6
22931,9
22932,2
22933,8
22934,1
22935,9
22936,4
22937,7
22938,2
22939,2
22940,3
22941,0
22942,0
22943,9
22944,6
22945,8
22946,5
22947,7
22948,9
22949,2
22950,0
22951,7
22952,7
22953,2
22954,7
22955,8
22956,8
22957,2
22958,5
22959,2
22960,2
22961,4
22962,4
22963,4
22964,0
22965,8
22966,6
22967,8
22968,1
22969,0
22970,1
22971,5
22972,0
22973,6
22974,0
22975,4
22976,6
22977,2
22978,2
22979,2
22980,3
22981,1
22982,8
22983,7
22984,7
22985,9
22986,0
22987,9
22988,8
22989,0
22990,5
22991,3
22992,5
22993,6
22994,1
22995,8
22996,4
22997,8
22998,5
22999,3
23000,0
23001,8
23002,7
23003,8
23004,4
23005,6
23006,4
23007,9
23008,7
23009,7
23010,1
23011,1
23012,7
23013,3
23014,0
23015,0
23016,4
23017,8
23018,3
23019,1
23020,7
23021,3
23022,8
23023,9
23024,7
23025,8
23026,7
23027,8
23028,3
23029,5
23030,9
23031,6
23032,0
23033,5
23034,6
23035,4
23036,8
23037,5
23038,8
23039,0
23040,0
23041,3
23042,1
23043,9
23044,0
23045,0
23046,3
23047,9
23048,5
23049,5
23050,3
23051,9
23052,7
23053,0
23054,1
23055,3
23056,6
23057,6
23058,9
23059,9
23060,7
23061,5
23062,1
23063,0
23064,7
23065,5
23066,6
23067,3
23068,2
23069,9
23070,9
23071,1
23072,4
23073,1
23074,0
23075,6
23076,3
23077,0
23078,1
23079,4
23080,1
23081,7
23082,3
23083,1
23084,9
23085,5
23086,5
23087,8
23088,6
23089,0
23090,1
23091,6
23092,8
23093,9
23094,2
23095,7
23096,4
23097,6
23098,1
23099,1
23100,4
23101,3
23102,6
23103,8
23104,5
23105,8
23106,8
23107,7
23108,2
23109,1
23110,4
23111,2
23112,6
23113,0
23114,8
23115,0
23116,8
23117,1
23118,1
23119,0
23120,9
23121,6
23122,8
23123,5
23124,9
23125,8
23126,0
23127,6
23128,2
23129,7
23130,0
23131,6
23132,6
23133,2
23134,2
23135,6
23136,6
23137,3
23138,5
23139,7
23140,5
23141,4
23142,5
23143,9
23144,3
23145,4
23146,5
23147,5
23148,4
23149,1
23150,5
23151,4
23152,2
23153,8
23154,3
23155,5
23156,7
23157,3
23158,3
23159,8
23160,1
23161,4
23162,9
23163,4
23164,9
23165,2
23166,6
23167,6
23168,4
23169,9
23170,2
23171,6
23172,6
23173,1
23174,5
23175,5
23176,9
23177,7
23178,9
23179,1
23180,6
23181,6
23182,1
23183,4
23184,2
23185,6
23186,9
23187,5
23188,0
23189,2
23190,7
23191,3
23192,4
23193,7
23194,5
23195,7
23196,1
23197,4
23198,0
23199,2
23200,4
23201,8
23202,3
23203,6
23204,3
23205,2
23206,5
23207,1
23208,0
23209,0
23210,7
23211,8
23212,2
23213,7
23214,4
23215,5
23216,3
23217,3
23218,9
23219,7
23220,9
23221,9
23222,0
23223,2
23224,6
23225,2
23226,3
23227,0
23228,0
23229,4
23230,5
23231,1
23232,9
23233,8
23234,2
23235,5
23236,8
23237,2
23238,2
23239,3
23240,9
23241,1
23242,5
23243,9
23244,4
23245,4
23246,1
23247,6
23248,0
23249,3
23250,7
23251,6
23252,5
23253,1
23254,6
23255,1
23256,7
23257,5
23258,5
23259,4
23260,5
23261,8
23262,6
23263,0
23264,5
23265,3
23266,7
23267,6
23268,3
23269,3
23270,1
23271,4
23272,0
23273,3
23274,3
23275,2
23276,0
23277,9
23278,4
23279,2
23280,4
23281,2
23282,1
23283,3
23284,5
23285,6
23286,1
23287,8
23288,0
23289,0
23290,2
23291,4
23292,3
23293,8
23294,2
23295,2
23296,5
23297,7
23298,5
23299,2
23300,8
23301,8
23302,5
23303,0
23304,9
23305,0
23306,7
23307,6
23308,5
23309,0
23310,9
23311,2
23312,3
23313,4
23314,1
23315,7
23316,9
23317,4
23318,6
23319,3
23320,2
23321,5
23322,7
23323,0
23324,8
23325,5
23326,7
23327,6
23328,9
23329,6
23330,6
23331,0
23332,3
23333,5
23334,6
23335,0
23336,1
23337,6
23338,3
23339,1
23340,8
23341,6
23342,4
23343,4
23344,9
23345,1
23346,8
23347,7
23348,0
23349,8
23350,7
23351,6
23352,8
23353,2
23354,5
23355,8
23356,5
23357,5
23358,0
23359,9
23360,2
23361,2
23362,7
23363,1
23364,6
23365,3
23366,8
23367,1
23368,9
23369,0
23370,3
23371,7
23372,1
23373,0
23374,0
23375,2
23376,0
23377,7
23378,2
23379,3
23380,7
23381,3
23382,1
23383,1
23384,3
23385,1
23386,3
23387,8
23388,0
23389,0
23390,3
23391,8
23392,3
23393,7
23394,0
23395,4
23396,4
23397,4
23398,2
23399,2
23400,6
23401,0
23402,7
23403,2
23404,3
23405,6
23406,1
23407,8
23408,8
23409,3
23410,6
23411,6
23412,8
23413,9
23414,7
23415,1
23416,8
23417,7
23418,4
23419,4
23420,2
23421,1
23422,2
23423,7
23424,2
23425,4
23426,0
23427,3
23428,3
23429,9
23430,6
23431,6
23432,9
23433,9
23434,2
23435,3
23436,3
23437,2
23438,4
23439,8
23440,8
23441,1
23442,7
23443,6
23444,6
23445,1
23446,6
23447,7
23448,6
23449,7
23450,5
23451,3
23452,6
23453,2
23454,2
23455,2
23456,5
23457,9
23458,4
23459,7
23460,5
23461,3
23462,8
23463,8
23464,6
23465,6
23466,4
23467,3
23468,9
23469,3
23470,3
23471,6
23472,1
23473,1
23474,6
23475,4
23476,9
23477,0
23478,7
23479,5
23480,1
23481,8
23482,8
23483,6
23484,0
23485,8
23486,3
23487,1
23488,6
23489,8
23490,4
23491,1
23492,2
23493,5
23494,3
23495,8
23496,2
23497,7
23498,6
23499,3
23500,1
23501,1
23502,2
23503,3
23504,9
23505,0
23506,8
23507,8
23508,6
23509,1
23510,8
23511,3
23512,5
23513,6
23514,3
23515,3
23516,6
23517,2
23518,6
23519,4
23520,5
23521,5
23522,1
23523,9
23524,5
23525,0
23526,2
23527,3
23528,7
23529,3
23530,6
23531,5
23532,7
23533,0
23534,3
23535,8
23536,1
23537,4
23538,3
23539,8
23540,5
23541,7
23542,4
23543,5
23544,3
23545,1
23546,1
23547,7
23548,9
23549,7
23550,8
23551,8
23552,0
23553,1
23554,2
23555,6
23556,7
23557,5
23558,6
23559,7
23560,5
23561,7
23562,0
23563,1
23564,5
23565,0
23566,6
23567,6
23568,1
23569,9
23570,0
23571,0
23572,0
23573,3
23574,7
23575,7
23576,5
23577,6
23578,4
23579,9
23580,8
23581,5
23582,0
23583,7
23584,2
23585,9
23586,1
23587,2
23588,4
23589,9
23590,6
23591,0
23592,4
23593,8
23594,0
23595,6
23596,9
23597,4
23598,4
23599,8
23600,6
23601,6
23602,6
23603,8
23604,9
23605,2
23606,5
23607,7
23608,0
23609,4
23610,1
23611,2
23612,2
23613,2
23614,9
23615,0
23616,0
23617,8
23618,8
23619,5
23620,5
23621,4
23622,4
23623,1
23624,6
23625,4
23626,0
23627,3
23628,6
23629,9
23630,6
23631,9
23632,5
23633,0
23634,1
23635,5
23636,6
23637,2
23638,7
23639,1
23640,7
23641,8
23642,7
23643,2
23644,9
23645,5
23646,9
23647,0
23648,8
23649,9
23650,8
23651,2
23652,3
23653,2
23654,9
23655,8
23656,5
23657,8
23658,2
23659,5
23660,9
23661,8
23662,3
23663,9
23664,3
23665,3
23666,1
23667,9
23668,8
23669,1
23670,3
23671,6
23672,6
23673,5
23674,8
23675,4
23676,1
23677,1
23678,0
23679,7
23680,4
23681,5
23682,8
23683,2
23684,6
23685,0
23686,9
23687,2
23688,1
23689,2
23690,6
23691,3
23692,4
23693,2
23694,2
23695,0
23696,7
23697,0
23698,2
23699,3
23700,8
23701,0
23702,1
23703,7
23704,6
23705,0
23706,5
23707,1
23708,6
23709,4
23710,3
23711,0
23712,0
23713,8
23714,1
23715,6
23716,0
23717,7
23718,5
23719,7
23720,6
23721,4
23722,6
23723,6
23724,3
23725,8
23726,0
23727,9
23728,1
23729,3
23730,6
23731,2
23732,5
23733,4
23734,8
23735,4
23736,0
23737,6
23738,6
23739,9
23740,2
23741,3
23742,8
23743,9
23744,0
23745,5
23746,0
23747,3
23748,5
23749,7
23750,5
23751,0
23752,8
23753,4
23754,8
23755,1
23756,8
23757,2
23758,7
23759,5
23760,6
23761,2
23762,7
23763,2
23764,2
23765,6
23766,5
23767,2
23768,1
23769,6
23770,1
23771,2
23772,1
23773,5
23774,1
23775,0
23776,6
23777,7
23778,1
23779,6
23780,9
23781,3
23782,4
23783,3
23784,2
23785,7
23786,0
23787,8
23788,0
23789,2
23790,1
23791,0
23792,6
23793,7
23794,2
23795,8
23796,8
23797,7
23798,9
23799,9
23800,6
23801,8
23802,2
23803,0
23804,1
23805,9
23806,2
23807,2
23808,9
23809,3
23810,6
23811,3
23812,7
23813,9
23814,1
23815,9
23816,3
23817,1
23818,8
23819,1
23820,8
23821,4
23822,1
23823,2
23824,8
23825,1
23826,7
23827,0
23828,6
23829,5
23830,8
23831,3
23832,9
23833,2
23834,1
23835,5
23836,6
23837,8
23838,7
23839,6
23840,9
23841,2
23842,1
23843,3
23844,5
23845,8
23846,9
23847,0
23848,2
23849,5
23850,9
23851,2
23852,8
23853,8
23854,0
23855,8
23856,0
23857,0
23858,1
23859,5
23860,9
23861,5
23862,8
23863,7
23864,3
23865,3
23866,9
23867,7
23868,8
23869,4
23870,1
23871,4
23872,7
23873,4
23874,8
23875,9
23876,3
23877,9
23878,3
23879,3
23880,1
23881,9
23882,2
23883,9
23884,1
23885,4
23886,8
23887,4
23888,4
23889,0
23890,7
23891,6
23892,6
23893,6
23894,0
23895,7
23896,1
23897,7
23898,7
23899,6
23900,2
23901,7
23902,3
23903,5
23904,9
23905,0
23906,9
23907,3
23908,1
23909,9
23910,6
23911,4
23912,4
23913,4
23914,8
23915,1
23916,6
23917,9
23918,3
23919,9
23920,1
23921,9
23922,6
23923,6
23924,4
23925,2
23926,4
23927,2
23928,4
23929,0
23930,9
23931,8
23932,7
23933,4
23934,0
23935,9
23936,5
23937,5
23938,4
23939,4
23940,8
23941,2
23942,4
23943,5
23944,6
23945,7
23946,3
23947,6
23948,0
23949,2
23950,3
23951,9
23952,0
23953,1
23954,7
23955,8
23956,7
23957,1
23958,2
23959,5
23960,4
23961,4
23962,7
23963,8
23964,3
23965,8
23966,6
23967,6
23968,5
23969,9
23970,2
23971,5
23972,3
23973,1
23974,8
23975,4
23976,4
23977,2
23978,2
23979,1
23980,6
23981,8
23982,0
23983,0
23984,0
23985,9
23986,8
23987,5
23988,8
23989,2
23990,7
23991,1
23992,9
23993,3
23994,9
23995,0
23996,1
23997,6
23998,9
23999,3
24000,6
24001,1
24002,0
24003,9
24004,3
24005,7
24006,4
24007,7
24008,9
24009,0
24010,3
24011,5
24012,3
24013,9
24014,0
24015,2
24016,6
24017,2
24018,8
24019,2
24020,3
24021,1
24022,5
24023,1
24024,6
24025,3
24026,4
24027,5
24028,2
24029,5
24030,5
24031,7
24032,9
24033,4
24034,7
24035,5
24036,1
24037,0
24038,1
24039,9
24040,6
24041,1
24042,6
24043,4
24044,8
24045,0
24046,1
24047,0
24048,3
24049,6
24050,0
24051,6
24052,2
24053,7
24054,5
24055,6
24056,3
24057,4
24058,7
24059,6
24060,6
24061,5
24062,5
24063,1
24064,8
24065,7
24066,2
24067,7
24068,2
24069,9
24070,1
24071,5
24072,1
24073,9
24074,3
24075,8
24076,6
24077,5
24078,7
24079,6
24080,1
24081,6
24082,3
24083,8
24084,3
24085,0
24086,8
24087,0
24088,5
24089,6
24090,4
24091,0
24092,8
24093,0
24094,5
24095,0
24096,4
24097,0
24098,1
24099,1
24100,4
24101,5
24102,4
24103,2
24104,9
24105,2
24106,1
24107,0
24108,6
24109,1
24110,7
24111,2
24112,4
24113,3
24114,6
24115,5
24116,7
24117,6
24118,8
24119,5
24120,1
24121,5
24122,3
24123,4
24124,7
24125,9
24126,7
24127,0
24128,7
24129,8
24130,6
24131,6
24132,5
24133,7
24134,3
24135,6
24136,9
24137,7
24138,1
24139,5
24140,1
24141,1
24142,7
24143,1
24144,3
24145,3
24146,7
24147,0
24148,1
24149,6
24150,9
24151,8
24152,1
24153,4
24154,7
24155,5
24156,0
24157,0
24158,2
24159,8
24160,5
24161,1
24162,7
24163,6
24164,9
24165,9
24166,4
24167,4
24168,3
24169,4
24170,8
24171,9
24172,5
24173,4
24174,0
24175,8
24176,1
24177,7
24178,6
24179,9
24180,2
24181,0
24182,4
24183,6
24184,7
24185,4
24186,5
24187,5
24188,2
24189,3
24190,8
24191,5
24192,9
24193,9
24194,2
24195,1
24196,3
24197,1
24198,5
24199,8
24200,6
24201,7
24202,4
24203,6
24204,9
24205,0
24206,6
24207,5
24208,9
24209,3
24210,6
24211,6
24212,4
24213,8
24214,6
24215,9
24216,0
24217,8
24218,6
24219,5
24220,0
24221,8
24222,1
24223,6
24224,9
24225,2
24226,3
24227,0
24228,6
24229,5
24230,9
24231,4
24232,7
24233,9
24234,8
24235,6
24236,2
24237,4
24238,6
24239,3
24240,6
24241,1
24242,1
24243,2
24244,9
24245,8
24246,7
24247,2
24248,4
24249,5
24250,8
24251,7
24252,3
24253,3
24254,2
24255,8
24256,3
24257,2
24258,3
24259,4
24260,5
24261,6
24262,6
24263,6
24264,7
24265,5
24266,7
24267,7
24268,0
24269,7
24270,4
24271,6
24272,8
24273,5
24274,8
24275,7
24276,6
24277,1
24278,2
24279,8
24280,2
24281,2
24282,2
24283,0
24284,3
24285,0
24286,9
24287,7
24288,0
24289,5
24290,7
24291,8
24292,7
24293,1
24294,9
24295,4
24296,8
24297,3
24298,8
24299,3
24300,9
24301,0
24302,4
24303,1
24304,1
24305,3
24306,1
24307,7
24308,6
24309,4
24310,5
24311,7
24312,3
24313,1
24314,9
24315,0
24316,9
24317,2
24318,0
24319,7
24320,7
24321,0
24322,4
24323,0
24324,3
24325,1
24326,0
24327,8
24328,2
24329,8
24330,3
24331,1
24332,2
24333,5
24334,9
24335,5
24336,2
24337,8
24338,3
24339,1
24340,5
24341,1
24342,5
24343,5
24344,2
24345,6
24346,1
24347,8
24348,8
24349,3
24350,4
24351,2
24352,6
24353,3
24354,3
24355,3
24356,0
24357,7
24358,7
24359,8
24360,5
24361,8
24362,0
24363,4
24364,0
24365,3
24366,0
24367,9
24368,5
24369,3
24370,8
24371,6
24372,0
24373,3
24374,0
24375,0
24376,7
24377,9
24378,6
24379,2
24380,9
24381,3
24382,7
24383,1
24384,5
24385,3
24386,4
24387,2
24388,5
24389,9
24390,6
24391,8
24392,4
24393,4
24394,7
24395,5
24396,1
24397,7
24398,3
24399,6
24400,9
24401,1
24402,9
24403,4
24404,9
24405,5
24406,3
24407,5
24408,2
24409,5
24410,6
24411,3
24412,6
24413,5
24414,2
24415,1
24416,2
24417,3
24418,1
24419,9
24420,3
24421,1
24422,5
24423,9
24424,1
24425,1
24426,2
24427,3
24428,4
24429,5
24430,3
24431,2
24432,9
24433,6
24434,4
24435,8
24436,1
24437,4
24438,4
24439,6
24440,6
24441,8
24442,2
24443,1
24444,1
24445,8
24446,0
24447,7
24448,3
24449,0
24450,1
24451,1
24452,2
24453,3
24454,5
24455,5
24456,3
24457,0
24458,8
24459,8
24460,0
24461,8
24462,9
24463,5
24464,2
24465,9
24466,4
24467,6
24468,7
24469,7
24470,4
24471,2
24472,4
24473,9
24474,4
24475,0
24476,4
24477,6
24478,9
24479,3
24480,6
24481,4
24482,9
24483,3
24484,9
24485,8
24486,7
24487,7
24488,8
24489,0
24490,8
24491,8
24492,7
24493,4
24494,5
24495,0
24496,7
24497,9
24498,6
24499,3
24500,1
24501,0
24502,8
24503,1
24504,7
24505,0
24506,7
24507,1
24508,9
24509,1
24510,3
24511,2
24512,4
24513,4
24514,6
24515,0
24516,1
24517,9
24518,5
24519,7
24520,7
24521,9
24522,8
24523,6
24524,7
24525,9
24526,4
24527,3
24528,3
24529,0
24530,8
24531,1
24532,2
24533,2
24534,1
24535,8
24536,9
24537,3
24538,5
24539,4
24540,0
24541,8
24542,9
24543,1
24544,0
24545,0
24546,6
24547,9
24548,8
24549,8
24550,0
24551,7
24552,5
24553,2
24554,0
24555,0
24556,5
24557,7
24558,7
24559,0
24560,9
24561,4
24562,9
24563,2
24564,9
24565,8
24566,2
24567,8
24568,9
24569,5
24570,2
24571,2
24572,7
24573,8
24574,3
24575,3
24576,2
24577,5
24578,4
24579,4
24580,6
24581,0
24582,4
24583,9
24584,8
24585,7
24586,8
24587,8
24588,8
24589,9
24590,4
24591,2
24592,7
24593,5
24594,5
24595,9
24596,7
24597,9
24598,2
24599,1
24600,4
24601,1
24602,8
24603,6
24604,7
24605,2
24606,6
24607,4
24608,1
24609,5
24610,4
24611,6
24612,0
24613,6
24614,7
24615,6
24616,8
24617,6
24618,9
24619,2
24620,2
24621,8
24622,4
24623,7
24624,2
24625,7
24626,8
24627,4
24628,8
24629,6
24630,7
24631,1
24632,1
24633,3
24634,0
24635,9
24636,1
24637,3
24638,1
24639,9
24640,5
24641,8
24642,8
24643,2
24644,2
24645,2
24646,5
24647,5
24648,5
24649,3
24650,6
24651,2
24652,1
24653,4
24654,7
24655,6
24656,3
24657,9
24658,8
24659,6
24660,9
24661,8
24662,4
24663,8
24664,9
24665,9
24666,4
24667,9
24668,5
24669,8
24670,1
24671,9
24672,9
24673,7
24674,6
24675,8
24676,4
24677,3
24678,2
24679,4
24680,4
24681,2
24682,2
24683,5
24684,9
24685,5
24686,3
24687,8
24688,0
24689,8
24690,4
24691,6
24692,6
24693,6
24694,6
24695,9
24696,3
24697,9
24698,3
24699,9
24700,2
24701,7
24702,8
24703,6
24704,9
24705,4
24706,0
24707,8
24708,7
24709,9
24710,7
24711,8
24712,8
24713,7
24714,5
24715,4
24716,0
24717,8
24718,8
24719,6
24720,2
24721,4
24722,9
24723,9
24724,1
24725,3
24726,4
24727,4
24728,0
24729,9
24730,4
24731,4
24732,3
24733,3
24734,0
24735,2
24736,0
24737,5
24738,5
24739,8
24740,6
24741,5
24742,4
24743,4
24744,5
24745,5
24746,0
24747,2
24748,0
24749,5
24750,2
24751,1
24752,9
24753,2
24754,7
24755,5
24756,2
24757,9
24758,0
24759,3
24760,8
24761,0
24762,0
24763,1
24764,7
24765,6
24766,3
24767,2
24768,0
24769,1
24770,0
24771,4
24772,2
24773,0
24774,9
24775,0
24776,3
24777,3
24778,4
24779,7
24780,3
24781,4
24782,6
24783,5
24784,0
24785,4
24786,7
24787,0
24788,6
24789,6
24790,3
24791,5
24792,7
24793,2
24794,2
24795,4
24796,4
24797,8
24798,5
24799,9
24800,5
24801,4
24802,4
24803,8
24804,4
24805,0
24806,0
24807,6
24808,9
24809,9
24810,2
24811,6
24812,3
24813,2
24814,7
24815,5
24816,1
24817,4
24818,1
24819,5
24820,6
24821,8
24822,3
24823,8
24824,3
24825,5
24826,0
24827,8
24828,3
24829,3
24830,6
24831,1
24832,2
24833,0
24834,4
24835,9
24836,7
24837,8
24838,7
24839,3
24840,1
24841,0
24842,7
24843,7
24844,4
24845,9
24846,1
24847,3
24848,7
24849,9
24850,7
24851,8
24852,3
24853,2
24854,5
24855,6
24856,4
24857,0
24858,1
24859,9
24860,0
24861,3
24862,8
24863,4
24864,7
24865,8
24866,9
24867,7
24868,4
24869,1
24870,0
24871,0
24872,8
24873,2
24874,5
24875,5
24876,6
24877,7
24878,6
24879,6
24880,3
24881,5
24882,5
24883,7
24884,0
24885,7
24886,1
24887,2
24888,8
24889,4
24890,8
24891,7
24892,1
24893,4
24894,2
24895,0
24896,8
24897,7
24898,2
24899,5
24900,1
24901,2
24902,4
24903,3
24904,7
24905,4
24906,4
24907,5
24908,1
24909,4
24910,8
24911,7
24912,7
24913,5
24914,3
24915,6
24916,7
24917,5
24918,2
24919,7
24920,6
24921,3
24922,0
24923,0
24924,2
24925,1
24926,6
24927,5
24928,3
24929,8
24930,9
24931,3
24932,0
24933,7
24934,2
24935,1
24936,6
24937,5
24938,0
24939,2
24940,9
24941,2
24942,7
24943,2
24944,0
24945,6
24946,2
24947,1
24948,4
24949,0
24950,0
24951,2
24952,1
24953,1
24954,9
24955,6
24956,0
24957,2
24958,4
24959,7
24960,3
24961,3
24962,4
24963,4
24964,5
24965,7
24966,6
24967,2
24968,8
24969,2
24970,7
24971,0
24972,8
24973,0
24974,7
24975,8
24976,6
24977,9
24978,8
24979,8
24980,1
24981,9
24982,9
24983,4
24984,9
24985,2
24986,9
24987,1
24988,1
24989,3
24990,0
24991,6
24992,1
24993,3
24994,2
24995,2
24996,5
24997,8
24998,8
24999,2
25000,1
25001,2
25002,5
25003,1
25004,0
25005,9
25006,4
25007,5
25008,8
25009,4
25010,9
25011,9
25012,2
25013,2
25014,4
25015,5
25016,0
25017,9
25018,0
25019,9
25020,1
25021,8
25022,9
25023,1
25024,4
25025,2
25026,8
25027,7
25028,7
25029,6
25030,4
25031,5
25032,1
25033,1
25034,0
25035,7
25036,7
25037,2
25038,2
25039,7
25040,4
25041,2
25042,1
25043,8
25044,0
25045,9
25046,5
25047,1
25048,1
25049,6
25050,0
25051,3
25052,5
25053,4
25054,3
25055,1
25056,7
25057,3
25058,3
25059,4
25060,0
25061,2
25062,8
25063,9
25064,5
25065,0
25066,6
25067,7
25068,1
25069,3
25070,2
25071,8
25072,3
25073,7
25074,9
25075,8
25076,0
25077,3
25078,0
25079,1
25080,8
25081,2
25082,1
25083,1
25084,2
25085,3
25086,9
25087,5
25088,7
25089,6
25090,1
25091,0
25092,7
25093,5
25094,8
25095,9
25096,7
25097,5
25098,7
25099,3
25100,7
25101,1
25102,4
25103,7
25104,3
25105,2
25106,5
25107,7
25108,2
25109,8
25110,1
25111,7
25112,8
25113,2
25114,9
25115,6
25116,7
25117,2
25118,1
25119,3
25120,3
25121,6
25122,0
25123,5
25124,5
25125,0
25126,9
25127,2
25128,8
25129,6
25130,0
25131,6
25132,9
25133,1
25134,8
25135,0
25136,3
25137,2
25138,7
25139,6
25140,1
25141,1
25142,7
25143,5
25144,8
25145,2
25146,4
25147,7
25148,5
25149,4
25150,9
25151,0
25152,3
25153,8
25154,7
25155,8
25156,4
25157,3
25158,0
25159,8
25160,7
25161,0
25162,4
25163,0
25164,5
25165,0
25166,8
25167,9
25168,9
25169,8
25170,4
25171,2
25172,1
25173,5
25174,3
25175,5
25176,3
25177,9
25178,3
25179,7
25180,0
25181,8
25182,3
25183,8
25184,1
25185,2
25186,9
25187,1
25188,6
25189,7
25190,4
25191,7
25192,6
25193,5
25194,6
25195,2
25196,9
25197,1
25198,7
25199,1
25200,5
25201,5
25202,7
25203,5
25204,0
25205,8
25206,9
25207,9
25208,0
25209,7
25210,4
25211,8
25212,8
25213,7
25214,0
25215,5
25216,0
25217,3
25218,4
25219,4
25220,8
25221,0
25222,9
25223,0
25224,8
25225,7
25226,0
25227,0
25228,5
25229,1
25230,7
25231,8
25232,4
25233,2
25234,0
25235,9
25236,6
25237,0
25238,6
25239,4
25240,4
25241,7
25242,5
25243,6
25244,6
25245,8
25246,6
25247,6
25248,7
25249,7
25250,1
25251,4
25252,3
25253,7
25254,0
25255,0
25256,8
25257,9
25258,4
25259,1
25260,7
25261,7
25262,4
25263,1
25264,7
25265,0
25266,9
25267,6
25268,5
25269,2
25270,4
25271,8
25272,7
25273,9
25274,8
25275,5
25276,8
25277,7
25278,2
25279,7
25280,6
25281,2
25282,5
25283,8
25284,7
25285,1
25286,4
25287,1
25288,1
25289,0
25290,3
25291,6
25292,0
25293,1
25294,8
25295,6
25296,6
25297,0
25298,4
25299,5
25300,1
25301,2
25302,1
25303,1
25304,5
25305,5
25306,9
25307,1
25308,1
25309,4
25310,8
25311,6
25312,0
25313,3
25314,9
25315,2
25316,3
25317,0
25318,4
25319,4
25320,0
25321,6
25322,0
25323,9
25324,2
25325,3
25326,8
25327,5
25328,8
25329,2
25330,5
25331,4
25332,6
25333,2
25334,1
25335,4
25336,3
25337,4
25338,2
25339,7
25340,0
25341,9
25342,8
25343,1
25344,6
25345,1
25346,1
25347,5
25348,6
25349,6
25350,8
25351,9
25352,9
25353,0
25354,4
25355,1
25356,8
25357,1
25358,3
25359,3
25360,2
25361,1
25362,9
25363,7
25364,5
25365,4
25366,6
25367,1
25368,8
25369,8
25370,1
25371,6
25372,0
25373,0
25374,4
25375,5
25376,9
25377,4
25378,3
25379,4
25380,1
25381,7
25382,1
25383,7
25384,9
25385,2
25386,4
25387,6
25388,5
25389,7
25390,5
25391,7
25392,5
25393,5
25394,0
25395,4
25396,7
25397,6
25398,8
25399,1
25400,0
25401,5
25402,2
25403,2
25404,1
25405,2
25406,9
25407,7
25408,8
25409,7
25410,5
25411,3
25412,7
25413,8
25414,2
25415,3
25416,0
25417,1
25418,9
25419,8
25420,4
25421,4
25422,8
25423,0
25424,9
25425,4
25426,8
25427,0
25428,1
25429,9
25430,1
25431,6
25432,9
25433,0
25434,7
25435,9
25436,3
25437,0
25438,1
25439,0
25440,8
25441,6
25442,6
25443,7
25444,6
25445,1
25446,4
25447,7
25448,6
25449,9
25450,2
25451,3
25452,1
25453,6
25454,4
25455,7
25456,1
25457,0
25458,4
25459,7
25460,1
25461,0
25462,5
25463,9
25464,7
25465,8
25466,1
25467,3
25468,5
25469,4
25470,2
25471,4
25472,3
25473,3
25474,5
25475,4
25476,0
25477,5
25478,4
25479,7
25480,4
25481,5
25482,5
25483,2
25484,1
25485,9
25486,6
25487,6
25488,3
25489,3
25490,9
25491,0
25492,5
25493,4
25494,4
25495,9
25496,8
25497,7
25498,3
25499,8
25500,1
25501,3
25502,0
25503,3
25504,4
25505,6
25506,8
25507,6
25508,3
25509,4
25510,7
25511,5
25512,9
25513,5
25514,3
25515,9
25516,4
25517,5
25518,3
25519,4
25520,9
25521,5
25522,7
25523,8
25524,0
25525,8
25526,0
25527,8
25528,8
25529,4
25530,2
25531,5
25532,4
25533,3
25534,7
25535,6
25536,6
25537,9
25538,6
25539,2
25540,8
25541,3
25542,0
25543,8
25544,2
25545,6
25546,7
25547,9
25548,2
25549,1
25550,8
25551,5
25552,1
25553,5
25554,7
25555,4
25556,9
25557,8
25558,7
25559,9
25560,8
25561,9
25562,9
25563,6
25564,5
25565,4
25566,2
25567,7
25568,5
25569,0
25570,3
25571,0
25572,8
25573,6
25574,3
25575,7
25576,2
25577,7
25578,9
25579,6
25580,1
25581,7
25582,9
25583,5
25584,6
25585,6
25586,4
25587,6
25588,0
25589,7
25590,0
25591,7
25592,1
25593,6
25594,7
25595,4
25596,0
25597,1
25598,3
25599,5
25600,5
25601,9
25602,6
25603,5
25604,6
25605,5
25606,3
25607,9
25608,8
25609,7
25610,3
25611,6
25612,8
25613,5
25614,1
25615,9
25616,7
25617,7
25618,3
25619,3
25620,2
25621,1
25622,7
25623,2
25624,1
25625,7
25626,8
25627,8
25628,8
25629,7
25630,8
25631,1
25632,4
25633,7
25634,6
25635,1
25636,3
25637,5
25638,9
25639,7
25640,3
25641,6
25642,1
25643,0
25644,9
25645,9
25646,3
25647,7
25648,8
25649,5
25650,0
25651,9
25652,9
25653,1
25654,0
25655,6
25656,5
25657,1
25658,9
25659,0
25660,7
25661,8
25662,6
25663,9
25664,0
25665,4
25666,6
25667,0
25668,9
25669,4
25670,9
25671,4
25672,1
25673,0
25674,7
25675,9
25676,6
25677,7
25678,6
25679,0
25680,7
25681,5
25682,6
25683,1
25684,7
25685,7
25686,1
25687,4
25688,3
25689,8
25690,3
25691,8
25692,2
25693,9
25694,6
25695,5
25696,4
25697,0
25698,1
25699,3
25700,4
25701,6
25702,6
25703,6
25704,8
25705,4
25706,7
25707,8
25708,4
25709,1
25710,7
25711,2
25712,7
25713,3
25714,1
25715,0
25716,3
25717,8
25718,8
25719,4
25720,1
25721,0
25722,0
25723,9
25724,3
25725,3
25726,2
25727,5
25728,7
25729,5
25730,7
25731,8
25732,9
25733,1
25734,8
25735,1
25736,7
25737,1
25738,7
25739,4
25740,1
25741,9
25742,8
25743,6
25744,8
25745,1
25746,1
25747,3
25748,6
25749,4
25750,8
25751,6
25752,4
25753,3
25754,2
25755,9
25756,9
25757,6
25758,0
25759,6
25760,9
25761,9
25762,0
25763,1
25764,8
25765,7
25766,8
25767,0
25768,3
25769,3
25770,1
25771,7
25772,1
25773,7
25774,4
25775,5
25776,1
25777,7
25778,7
25779,7
25780,6
25781,8
25782,5
25783,5
25784,6
25785,1
25786,7
25787,7
25788,5
25789,6
25790,3
25791,1
25792,5
25793,4
25794,3
25795,2
25796,2
25797,3
25798,1
25799,5
25800,3
25801,2
25802,9
25803,6
25804,5
25805,3
25806,0
25807,6
25808,1
25809,9
25810,9
25811,9
25812,6
25813,1
25814,9
25815,4
25816,4
25817,5
25818,5
25819,3
25820,0
25821,9
25822,3
25823,3
25824,5
25825,3
25826,6
25827,3
25828,9
25829,5
25830,3
25831,7
25832,9
25833,2
25834,5
25835,2
25836,3
25837,4
25838,7
25839,8
25840,1
25841,6
25842,2
25843,1
25844,9
25845,0
25846,8
25847,5
25848,3
25849,4
25850,1
25851,4
25852,4
25853,0
25854,1
25855,3
25856,0
25857,7
25858,6
25859,4
25860,3
25861,3
25862,6
25863,9
25864,3
25865,3
25866,2
25867,5
25868,2
25869,5
25870,9
25871,2
25872,6
25873,2
25874,8
25875,0
25876,6
25877,4
25878,7
25879,8
25880,8
25881,3
25882,8
25883,3
25884,5
25885,4
25886,8
25887,2
25888,2
25889,8
25890,8
25891,7
25892,8
25893,8
25894,5
25895,1
25896,8
25897,2
25898,0
25899,7
25900,7
25901,2
25902,6
25903,1
25904,7
25905,4
25906,4
25907,3
25908,6
25909,4
25910,1
25911,6
25912,7
25913,6
25914,1
25915,8
25916,1
25917,8
25918,6
25919,0
25920,7
25921,5
25922,1
25923,4
25924,1
25925,8
25926,5
25927,6
25928,7
25929,6
25930,9
25931,6
25932,1
25933,9
25934,5
25935,7
25936,5
25937,9
25938,7
25939,0
25940,4
25941,1
25942,0
25943,8
25944,8
25945,7
25946,5
25947,4
25948,3
25949,6
25950,2
25951,5
25952,1
25953,6
25954,7
25955,2
25956,1
25957,6
25958,9
25959,3
25960,4
25961,9
25962,6
25963,9
25964,3
25965,8
25966,5
25967,2
25968,1
25969,0
25970,8
25971,1
25972,5
25973,7
25974,0
25975,6
25976,1
25977,8
25978,2
25979,8
25980,3
25981,4
25982,8
25983,3
25984,3
25985,7
25986,8
25987,2
25988,7
25989,4
25990,5
25991,7
25992,5
25993,7
25994,5
25995,1
25996,6
25997,0
25998,1
25999,4
26000,0
26001,0
26002,3
26003,2
26004,2
26005,1
26006,2
26007,9
26008,2
26009,4
26010,9
26011,9
26012,8
26013,0
26014,4
26015,0
26016,7
26017,2
26018,3
26019,3
26020,4
26021,1
26022,9
26023,8
26024,1
26025,5
26026,2
26027,8
26028,0
26029,7
26030,6
26031,3
26032,7
26033,1
26034,4
26035,4
26036,0
26037,5
26038,8
26039,3
26040,5
26041,3
26042,9
26043,5
26044,4
26045,6
26046,7
26047,3
26048,0
26049,4
26050,1
26051,2
26052,1
26053,0
26054,1
26055,7
26056,7
26057,7
26058,6
26059,2
26060,1
26061,5
26062,2
26063,8
26064,3
26065,6
26066,3
26067,5
26068,3
26069,3
26070,6
26071,4
26072,1
26073,1
26074,6
26075,4
26076,6
26077,3
26078,8
26079,3
26080,5
26081,5
26082,3
26083,0
26084,4
26085,3
26086,1
26087,2
26088,4
26089,2
26090,2
26091,5
26092,9
26093,9
26094,6
26095,1
26096,3
26097,8
26098,9
26099,1
26100,4
26101,9
26102,6
26103,0
26104,2
26105,5
26106,1
26107,6
26108,8
26109,0
26110,0
26111,2
26112,0
26113,3
26114,2
26115,1
26116,7
26117,6
26118,6
26119,1
26120,8
26121,0
26122,8
26123,6
26124,3
26125,1
26126,7
26127,2
26128,6
26129,5
26130,6
26131,6
26132,1
26133,2
26134,3
26135,3
26136,9
26137,9
26138,1
26139,0
26140,4
26141,5
26142,9
26143,9
26144,4
26145,9
26146,4
26147,0
26148,7
26149,1
26150,4
26151,6
26152,6
26153,2
26154,9
26155,1
26156,4
26157,4
26158,8
26159,6
26160,4
26161,8
26162,4
26163,5
26164,1
26165,5
26166,8
26167,1
26168,1
26169,1
26170,1
26171,2
26172,2
26173,2
26174,0
26175,1
26176,7
26177,4
26178,5
26179,6
26180,4
26181,2
26182,6
26183,0
26184,6
26185,4
26186,7
26187,8
26188,8
26189,0
26190,8
26191,8
26192,2
26193,8
26194,7
26195,7
26196,9
26197,6
26198,4
26199,1
26200,9
26201,7
26202,6
26203,3
26204,6
26205,6
26206,8
26207,7
26208,5
26209,1
26210,0
26211,7
26212,8
26213,4
26214,1
26215,2
26216,8
26217,1
26218,7
26219,2
26220,7
26221,2
26222,0
26223,9
26224,1
26225,2
26226,3
26227,1
26228,1
26229,3
26230,2
26231,5
26232,5
26233,8
26234,8
26235,6
26236,3
26237,6
26238,7
26239,9
26240,4
26241,3
26242,5
26243,8
26244,3
26245,9
26246,0
26247,1
26248,5
26249,3
26250,2
26251,1
26252,4
26253,6
26254,2
26255,4
26256,4
26257,3
26258,6
26259,6
26260,5
26261,1
26262,2
26263,0
26264,8
26265,0
26266,8
26267,9
26268,1
26269,5
26270,4
26271,3
26272,6
26273,6
26274,3
26275,2
26276,9
26277,2
26278,6
26279,2
26280,8
26281,9
26282,9
26283,1
26284,1
26285,5
26286,5
26287,3
26288,4
26289,2
26290,9
26291,3
26292,1
26293,0
26294,5
26295,3
26296,3
26297,0
26298,4
26299,5
26300,7
26301,5
26302,4
26303,3
26304,2
26305,8
26306,5
26307,3
26308,6
26309,4
26310,8
26311,8
26312,4
26313,3
26314,2
26315,1
26316,5
26317,0
26318,2
26319,8
26320,3
26321,0
26322,2
26323,8
26324,0
26325,0
26326,8
26327,2
26328,6
26329,3
26330,3
26331,7
26332,7
26333,1
26334,8
26335,4
26336,9
26337,9
26338,6
26339,5
26340,4
26341,9
26342,4
26343,4
26344,9
26345,1
26346,3
26347,3
26348,1
26349,1
26350,2
26351,8
26352,0
26353,4
26354,6
26355,3
26356,5
26357,3
26358,2
26359,5
26360,7
26361,0
26362,4
26363,5
26364,0
26365,1
26366,3
26367,0
26368,7
26369,8
26370,2
26371,4
26372,5
26373,8
26374,1
26375,5
26376,3
26377,9
26378,5
26379,3
26380,7
26381,4
26382,7
26383,7
26384,7
26385,0
26386,6
26387,7
26388,4
26389,5
26390,8
26391,9
26392,2
26393,0
26394,9
26395,7
26396,5
26397,5
26398,5
26399,1
26400,0
26401,0
26402,1
26403,0
26404,7
26405,0
26406,2
26407,3
26408,0
26409,6
26410,7
26411,4
26412,0
26413,1
26414,3
26415,7
26416,8
26417,8
26418,1
26419,8
26420,4
26421,7
26422,5
26423,9
26424,4
26425,6
26426,8
26427,2
26428,0
26429,3
26430,3
26431,8
26432,5
26433,2
26434,6
26435,5
26436,7
26437,3
26438,6
26439,7
26440,0
26441,7
26442,0
26443,1
26444,5
26445,8
26446,2
26447,1
26448,6
26449,9
26450,7
26451,6
26452,0
26453,0
26454,0
26455,0
26456,3
26457,9
26458,4
26459,1
26460,7
26461,5
26462,9
26463,3
26464,7
26465,0
26466,1
26467,0
26468,9
26469,2
26470,1
26471,8
26472,5
26473,9
26474,6
26475,6
26476,5
26477,5
26478,8
26479,7
26480,3
26481,5
26482,7
26483,1
26484,4
26485,4
26486,4
26487,4
26488,3
26489,0
26490,4
26491,8
26492,5
26493,5
26494,3
26495,2
26496,8
26497,7
26498,0
26499,3
26500,5
26501,5
26502,1
26503,8
26504,5
26505,3
26506,4
26507,8
26508,1
26509,2
26510,7
26511,8
26512,6
26513,7
26514,7
26515,8
26516,4
26517,5
26518,1
26519,3
26520,5
26521,8
26522,2
26523,0
26524,1
26525,1
26526,5
26527,7
26528,9
26529,5
26530,9
26531,2
26532,5
26533,0
26534,0
26535,7
26536,8
26537,0
26538,5
26539,9
26540,3
26541,5
26542,5
26543,0
26544,4
26545,8
26546,8
26547,1
26548,8
26549,3
26550,4
26551,0
26552,7
26553,6
26554,5
26555,9
26556,2
26557,7
26558,6
26559,0
26560,6
26561,1
26562,1
26563,5
26564,7
26565,4
26566,2
26567,8
26568,6
26569,8
26570,9
26571,5
26572,6
26573,1
26574,8
26575,9
26576,0
26577,9
26578,3
26579,2
26580,5
26581,2
26582,7
26583,4
26584,0
26585,1
26586,5
26587,7
26588,7
26589,7
26590,6
26591,1
26592,9
26593,5
26594,2
26595,3
26596,7
26597,4
26598,3
26599,4
26600,8
26601,0
26602,4
26603,7
26604,4
26605,6
26606,9
26607,6
26608,9
26609,8
26610,2
26611,3
26612,3
26613,5
26614,8
26615,8
26616,1
26617,1
26618,9
26619,6
26620,5
26621,1
26622,2
26623,2
26624,1
26625,4
26626,4
26627,6
26628,7
26629,4
26630,8
26631,5
26632,9
26633,2
26634,9
26635,7
26636,9
26637,4
26638,3
26639,6
26640,6
26641,9
26642,9
26643,4
26644,9
26645,9
26646,7
26647,8
26648,4
26649,4
26650,8
26651,8
26652,5
26653,6
26654,7
26655,5
26656,5
26657,6
26658,6
26659,7
26660,3
26661,3
26662,8
26663,1
26664,4
26665,4
26666,9
26667,8
26668,9
26669,1
26670,3
26671,0
26672,7
26673,0
26674,4
26675,3
26676,5
26677,5
26678,0
26679,1
26680,6
26681,1
26682,0
26683,7
26684,2
26685,7
26686,5
26687,6
26688,1
26689,7
26690,6
26691,4
26692,5
26693,6
26694,4
26695,5
26696,0
26697,4
26698,7
26699,0
26700,0
26701,6
26702,9
26703,7
26704,7
26705,9
26706,0
26707,2
26708,6
26709,9
26710,7
26711,1
26712,3
26713,4
26714,8
26715,7
26716,0
26717,3
26718,7
26719,4
26720,2
26721,4
26722,5
26723,9
26724,3
26725,6
26726,1
26727,0
26728,1
26729,3
26730,9
26731,5
26732,2
26733,0
26734,3
26735,0
26736,9
26737,6
26738,5
26739,0
26740,2
26741,9
26742,3
26743,8
26744,0
26745,0
26746,4
26747,1
26748,5
26749,9
26750,6
26751,8
26752,0
26753,5
26754,6
26755,4
26756,6
26757,0
26758,2
26759,1
26760,1
26761,7
26762,5
26763,1
26764,1
26765,0
26766,2
26767,4
26768,6
26769,7
26770,6
26771,6
26772,6
26773,2
26774,9
26775,2
26776,4
26777,6
26778,9
26779,0
26780,2
26781,8
26782,7
26783,1
26784,0
26785,7
26786,5
26787,4
26788,6
26789,6
26790,0
26791,4
26792,2
26793,8
26794,7
26795,9
26796,3
26797,8
26798,0
26799,4
26800,0
26801,0
26802,9
26803,7
26804,0
26805,2
26806,2
26807,5
26808,2
26809,1
26810,0
26811,1
26812,8
26813,6
26814,8
26815,9
26816,5
26817,5
26818,1
26819,6
26820,0
26821,5
26822,9
26823,4
26824,0
26825,8
26826,1
26827,2
26828,5
26829,2
26830,9
26831,5
26832,0
26833,6
26834,6
26835,3
26836,0
26837,9
26838,0
26839,1
26840,8
26841,4
26842,5
26843,8
26844,7
26845,1
26846,3
26847,6
26848,4
26849,4
26850,1
26851,7
26852,7
26853,1
26854,2
26855,2
26856,3
26857,2
26858,7
26859,3
26860,8
26861,3
26862,1
26863,1
26864,2
26865,1
26866,2
26867,9
26868,5
26869,1
26870,2
26871,5
26872,3
26873,1
26874,6
26875,3
26876,0
26877,4
26878,7
26879,9
26880,8
26881,4
26882,0
26883,4
26884,6
26885,0
26886,8
26887,8
26888,3
26889,7
26890,4
26891,6
26892,4
26893,2
26894,7
26895,9
26896,7
26897,1
26898,2
26899,5
26900,2
26901,9
26902,7
26903,6
26904,3
26905,1
26906,0
26907,9
26908,0
26909,6
26910,7
26911,7
26912,4
26913,4
26914,4
26915,7
26916,5
26917,4
26918,7
26919,7
26920,0
26921,9
26922,5
26923,0
26924,3
26925,1
26926,3
26927,5
26928,7
26929,7
26930,2
26931,3
26932,3
26933,0
26934,5
26935,6
26936,0
26937,6
26938,7
26939,0
26940,6
26941,1
26942,9
26943,1
26944,6
26945,3
26946,2
26947,6
26948,9
26949,2
26950,8
26951,5
26952,6
26953,8
26954,0
26955,2
26956,1
26957,5
26958,6
26959,7
26960,1
26961,7
26962,0
26963,4
26964,1
26965,5
26966,3
26967,9
26968,5
26969,9
26970,3
26971,7
26972,0
26973,8
26974,9
26975,8
26976,7
26977,5
26978,0
26979,2
26980,6
26981,6
26982,9
26983,4
26984,9
26985,7
26986,0
26987,4
26988,9
26989,1
26990,5
26991,7
26992,6
26993,5
26994,1
26995,0
26996,9
26997,3
26998,3
26999,3
27000,8
27001,8
27002,6
27003,5
27004,3
27005,4
27006,3
27007,2
27008,8
27009,0
27010,1
27011,8
27012,6
27013,3
27014,7
27015,8
27016,9
27017,0
27018,1
27019,7
27020,2
27021,2
27022,9
27023,9
27024,7
27025,1
27026,5
27027,8
27028,9
27029,1
27030,8
27031,9
27032,2
27033,3
27034,9
27035,5
27036,5
27037,2
27038,9
27039,3
27040,5
27041,3
27042,2
27043,3
27044,5
27045,4
27046,6
27047,7
27048,6
27049,8
27050,2
27051,6
27052,7
27053,3
27054,2
27055,8
27056,6
27057,9
27058,9
27059,3
27060,6
27061,4
27062,3
27063,4
27064,8
27065,0
27066,4
27067,1
27068,2
27069,9
27070,2
27071,5
27072,9
27073,6
27074,7
27075,3
27076,7
27077,7
27078,3
27079,8
27080,8
27081,2
27082,2
27083,0
27084,0
27085,0
27086,0
27087,9
27088,1
27089,2
27090,9
27091,0
27092,6
27093,2
27094,1
27095,9
27096,4
27097,9
27098,5
27099,8
27100,5
27101,2
27102,1
27103,5
27104,2
27105,4
27106,7
27107,2
27108,7
27109,7
27110,7
27111,4
27112,4
27113,4
27114,3
27115,2
27116,1
27117,2
27118,7
27119,2
27120,7
27121,7
27122,6
27123,1
27124,6
27125,0
27126,2
27127,1
27128,8
27129,1
27130,2
27131,3
27132,0
27133,9
27134,0
27135,3
27136,7
27137,0
27138,2
27139,6
27140,5
27141,5
27142,0
27143,1
27144,9
27145,6
27146,7
27147,5
27148,0
27149,2
27150,3
27151,2
27152,6
27153,8
27154,0
27155,2
27156,4
27157,2
27158,9
27159,8
27160,0
27161,8
27162,3
27163,5
27164,4
27165,0
27166,0
27167,9
27168,0
27169,3
27170,3
27171,8
27172,5
27173,6
27174,9
27175,7
27176,1
27177,3
27178,1
27179,0
27180,4
27181,6
27182,5
27183,2
27184,7
27185,3
27186,0
27187,0
27188,2
27189,2
27190,9
27191,1
27192,8
27193,6
27194,2
27195,7
27196,2
27197,3
27198,8
27199,3
27200,6
27201,8
27202,6
27203,4
27204,1
27205,6
27206,4
27207,0
27208,0
27209,7
27210,4
27211,1
27212,3
27213,9
27214,2
27215,3
27216,1
27217,5
27218,8
27219,2
27220,0
27221,2
27222,4
27223,8
27224,5
27225,4
27226,5
27227,7
27228,2
27229,9
27230,4
27231,0
27232,1
27233,7
27234,9
27235,4
27236,2
27237,7
27238,3
27239,6
27240,5
27241,8
27242,0
27243,5
27244,0
27245,6
27246,4
27247,4
27248,3
27249,0
27250,9
27251,5
27252,0
27253,5
27254,0
27255,9
27256,8
27257,6
27258,4
27259,6
27260,8
27261,5
27262,1
27263,0
27264,6
27265,2
27266,3
27267,2
27268,3
27269,2
27270,2
27271,5
27272,2
27273,9
27274,0
27275,8
27276,4
27277,4
27278,6
27279,1
27280,9
27281,9
27282,1
27283,1
27284,7
27285,5
27286,3
27287,0
27288,9
27289,7
27290,5
27291,4
27292,9
27293,8
27294,1
27295,8
27296,9
27297,1
27298,7
27299,6
27300,6
27301,1
27302,0
27303,7
27304,5
27305,8
27306,8
27307,1
27308,6
27309,5
27310,6
27311,1
27312,7
27313,8
27314,0
27315,6
27316,6
27317,0
27318,6
27319,8
27320,8
27321,1
27322,5
27323,4
27324,6
27325,8
27326,8
27327,0
27328,4
27329,1
27330,9
27331,5
27332,6
27333,1
27334,2
27335,1
27336,1
27337,6
27338,6
27339,3
27340,5
27341,1
27342,7
27343,9
27344,3
27345,9
27346,0
27347,8
27348,1
27349,9
27350,4
27351,2
27352,9
27353,4
27354,1
27355,8
27356,0
27357,2
27358,7
27359,8
27360,3
27361,6
27362,9
27363,8
27364,4
27365,4
27366,8
27367,7
27368,8
27369,9
27370,1
27371,4
27372,8
27373,7
27374,6
27375,5
27376,5
27377,4
27378,9
27379,6
27380,7
27381,1
27382,0
27383,4
27384,8
27385,3
27386,6
27387,6
27388,7
27389,3
27390,4
27391,3
27392,1
27393,9
27394,0
27395,4
27396,4
27397,9
27398,5
27399,0
27400,3
27401,1
27402,6
27403,5
27404,1
27405,9
27406,4
27407,8
27408,9
27409,1
27410,8
27411,6
27412,6
27413,8
27414,6
27415,1
27416,8
27417,7
27418,8
27419,0
27420,7
27421,9
27422,8
27423,2
27424,9
27425,2
27426,1
27427,6
27428,6
27429,3
27430,3
27431,7
27432,9
27433,9
27434,2
27435,7
27436,2
27437,4
27438,7
27439,9
27440,8
27441,8
27442,9
27443,6
27444,8
27445,7
27446,2
27447,6
27448,9
27449,7
27450,3
27451,9
27452,7
27453,6
27454,1
27455,2
27456,6
27457,3
27458,1
27459,1
27460,7
27461,4
27462,9
27463,3
27464,2
27465,8
27466,3
27467,4
27468,6
27469,2
27470,3
27471,6
27472,8
27473,7
27474,0
27475,1
27476,6
27477,0
27478,7
27479,0
27480,5
27481,6
27482,1
27483,8
27484,3
27485,0
27486,8
27487,7
27488,5
27489,0
27490,6
27491,5
27492,2
27493,5
27494,1
27495,6
27496,7
27497,9
27498,9
27499,8
27500,0
27501,6
27502,9
27503,0
27504,5
27505,1
27506,7
27507,2
27508,3
27509,8
27510,5
27511,3
27512,0
27513,4
27514,5
27515,6
27516,0
27517,3
27518,2
27519,2
27520,4
27521,6
27522,0
27523,2
27524,0
27525,8
27526,9
27527,0
27528,8
27529,1
27530,5
27531,0
27532,4
27533,2
27534,9
27535,6
27536,6
27537,9
27538,0
27539,9
27540,9
27541,7
27542,7
27543,7
27544,9
27545,6
27546,9
27547,1
27548,9
27549,9
27550,4
27551,6
27552,9
27553,3
27554,9
27555,2
27556,0
27557,1
27558,6
27559,3
27560,3
27561,2
27562,6
27563,9
27564,3
27565,2
27566,9
27567,8
27568,9
27569,2
27570,8
27571,8
27572,5
27573,4
27574,5
27575,0
27576,3
27577,9
27578,4
27579,4
27580,8
27581,2
27582,9
27583,5
27584,8
27585,7
27586,5
27587,8
27588,0
27589,9
27590,2
27591,2
27592,6
27593,1
27594,3
27595,1
27596,0
27597,8
27598,1
27599,6
27600,0
27601,0
27602,3
27603,5
27604,1
27605,3
27606,9
27607,6
27608,5
27609,7
27610,6
27611,1
27612,7
27613,4
27614,0
27615,0
27616,9
27617,6
27618,8
27619,7
27620,1
27621,2
27622,3
27623,7
27624,5
27625,1
27626,0
27627,9
27628,9
27629,3
27630,7
27631,8
27632,4
27633,5
27634,8
27635,4
27636,8
27637,8
27638,3
27639,9
27640,6
27641,3
27642,0
27643,5
27644,8
27645,5
27646,3
27647,6
27648,6
27649,5
27650,2
27651,9
27652,9
27653,1
27654,8
27655,9
27656,3
27657,3
27658,3
27659,6
27660,2
27661,5
27662,7
27663,2
27664,3
27665,4
27666,6
27667,7
27668,6
27669,6
27670,0
27671,0
27672,1
27673,9
27674,5
27675,6
27676,4
27677,3
27678,6
27679,5
27680,4
27681,8
27682,8
27683,5
27684,4
27685,6
27686,4
27687,5
27688,2
27689,0
27690,0
27691,7
27692,3
27693,5
27694,6
27695,1
27696,2
27697,3
27698,7
27699,3
27700,2
27701,2
27702,3
27703,1
27704,3
27705,5
27706,6
27707,9
27708,5
27709,8
27710,6
27711,9
27712,6
27713,7
27714,0
27715,9
27716,6
27717,5
27718,5
27719,1
27720,5
27721,2
27722,5
27723,2
27724,1
27725,7
27726,9
27727,0
27728,8
27729,3
27730,8
27731,2
27732,8
27733,3
27734,0
27735,0
27736,3
27737,1
27738,4
27739,5
27740,6
27741,3
27742,3
27743,4
27744,6
27745,3
27746,6
27747,9
27748,5
27749,9
27750,6
27751,1
27752,8
27753,7
27754,7
27755,4
27756,8
27757,4
27758,2
27759,9
27760,5
27761,0
27762,4
27763,6
27764,4
27765,6
27766,5
27767,3
27768,3
27769,8
27770,2
27771,3
27772,0
27773,2
27774,0
27775,9
27776,3
27777,9
27778,9
27779,9
27780,2
27781,0
27782,3
27783,9
27784,9
27785,7
27786,6
27787,6
27788,9
27789,4
27790,5
27791,8
27792,2
27793,5
27794,3
27795,5
27796,3
27797,5
27798,2
27799,7
27800,1
27801,4
27802,1
27803,4
27804,0
27805,5
27806,0
27807,5
27808,5
27809,1
27810,9
27811,8
27812,1
27813,1
27814,0
27815,7
27816,7
27817,9
27818,3
27819,6
27820,1
27821,1
27822,4
27823,0
27824,1
27825,5
27826,3
27827,8
27828,1
27829,2
27830,5
27831,9
27832,4
27833,4
27834,0
27835,8
27836,5
27837,5
27838,7
27839,5
27840,0
27841,1
27842,4
27843,1
27844,5
27845,5
27846,2
27847,5
27848,6
27849,5
27850,1
27851,8
27852,4
27853,3
27854,0
27855,0
27856,3
27857,5
27858,9
27859,5
27860,6
27861,8
27862,1
27863,4
27864,6
27865,0
27866,3
27867,6
27868,0
27869,2
27870,1
27871,1
27872,5
27873,8
27874,4
27875,8
27876,1
27877,9
27878,3
27879,7
27880,9
27881,5
27882,3
27883,4
27884,7
27885,6
27886,3
27887,5
27888,9
27889,6
27890,6
27891,7
27892,6
27893,5
27894,1
27895,5
27896,6
27897,6
27898,1
27899,9
27900,7
27901,7
27902,3
27903,4
27904,5
27905,5
27906,4
27907,1
27908,2
27909,1
27910,4
27911,5
27912,0
27913,2
27914,6
27915,5
27916,2
27917,8
27918,6
27919,3
27920,9
27921,3
27922,5
27923,2
27924,0
27925,7
27926,8
27927,8
27928,9
27929,3
27930,0
27931,6
27932,2
27933,3
27934,7
27935,6
27936,1
27937,2
27938,7
27939,5
27940,3
27941,7
27942,5
27943,0
27944,4
27945,7
27946,4
27947,5
27948,7
27949,0
27950,0
27951,1
27952,1
27953,5
27954,9
27955,5
27956,2
27957,8
27958,3
27959,4
27960,2
27961,6
27962,7
27963,4
27964,4
27965,5
27966,0
27967,0
27968,4
27969,1
27970,3
27971,0
27972,6
27973,7
27974,7
27975,9
27976,0
27977,8
27978,5
27979,4
27980,9
27981,6
27982,4
27983,4
27984,5
27985,2
27986,1
27987,2
27988,3
27989,0
27990,1
27991,7
27992,6
27993,7
27994,1
27995,9
27996,2
27997,7
27998,7
27999,1
28000,9
28001,5
28002,7
28003,2
28004,7
28005,8
28006,7
28007,7
28008,3
28009,2
28010,3
28011,0
28012,1
28013,2
28014,6
28015,8
28016,5
28017,7
28018,9
28019,9
28020,6
28021,8
28022,3
28023,7
28024,6
28025,1
28026,5
28027,4
28028,3
28029,7
28030,4
28031,6
28032,7
28033,4
28034,0
28035,5
28036,5
28037,7
28038,6
28039,7
28040,1
28041,1
28042,4
28043,3
28044,0
28045,7
28046,6
28047,7
28048,2
28049,8
28050,2
28051,4
28052,3
28053,7
28054,1
28055,8
28056,4
28057,3
28058,3
28059,2
28060,7
28061,5
28062,7
28063,5
28064,8
28065,2
28066,1
28067,7
28068,9
28069,7
28070,9
28071,3
28072,0
28073,5
28074,7
28075,7
28076,5
28077,3
28078,7
28079,5
28080,2
28081,9
28082,0
28083,5
28084,6
28085,5
28086,2
28087,0
28088,2
28089,8
28090,9
28091,6
28092,4
28093,6
28094,3
28095,8
28096,6
28097,8
28098,2
28099,2
28100,4
28101,5
28102,8
28103,6
28104,4
28105,2
28106,1
28107,7
28108,9
28109,2
28110,2
28111,6
28112,4
28113,0
28114,1
28115,4
28116,3
28117,3
28118,5
28119,1
28120,7
28121,0
28122,1
28123,2
28124,5
28125,2
28126,1
28127,8
28128,4
28129,7
28130,3
28131,7
28132,2
28133,8
28134,4
28135,3
28136,1
28137,0
28138,3
28139,9
28140,1
28141,3
28142,9
28143,1
28144,6
28145,9
28146,5
28147,4
28148,2
28149,6
28150,4
28151,2
28152,8
28153,3
28154,0
28155,1
28156,3
28157,8
28158,2
28159,2
28160,9
28161,3
28162,5
28163,6
28164,9
28165,8
28166,7
28167,8
28168,1
28169,2
28170,5
28171,1
28172,8
28173,9
28174,3
28175,8
28176,4
28177,2
28178,6
28179,9
28180,3
28181,9
28182,6
28183,9
28184,3
28185,2
28186,6
28187,6
28188,5
28189,4
28190,7
28191,9
28192,1
28193,8
28194,2
28195,5
28196,6
28197,8
28198,4
28199,9
28200,5
28201,6
28202,2
28203,9
28204,5
28205,7
28206,1
28207,2
28208,4
28209,6
28210,2
28211,2
28212,3
28213,1
28214,6
28215,2
28216,6
28217,6
28218,7
28219,0
28220,5
28221,7
28222,7
28223,0
28224,6
28225,7
28226,0
28227,1
28228,8
28229,4
28230,8
28231,4
28232,7
28233,5
28234,7
28235,0
28236,8
28237,0
28238,0
28239,3
28240,3
28241,1
28242,5
28243,7
28244,7
28245,0
28246,1
28247,9
28248,8
28249,1
28250,7
28251,5
28252,2
28253,4
28254,2
28255,3
28256,6
28257,4
28258,6
28259,0
28260,9
28261,8
28262,7
28263,4
28264,8
28265,2
28266,1
28267,2
28268,0
28269,9
28270,5
28271,8
28272,5
28273,1
28274,6
28275,6
28276,1
28277,9
28278,5
28279,5
28280,9
28281,7
28282,7
28283,2
28284,0
28285,2
28286,0
28287,3
28288,9
28289,7
28290,4
28291,2
28292,9
28293,5
28294,4
28295,9
28296,2
28297,1
28298,9
28299,2
28300,6
28301,0
28302,3
28303,9
28304,9
28305,1
28306,6
28307,6
28308,8
28309,0
28310,1
28311,7
28312,5
28313,5
28314,9
28315,7
28316,8
28317,3
28318,3
28319,3
28320,6
28321,1
28322,5
28323,0
28324,3
28325,6
28326,2
28327,9
28328,5
28329,5
28330,3
28331,3
28332,4
28333,1
28334,0
28335,5
28336,1
28337,5
28338,4
28339,2
28340,2
28341,0
28342,5
28343,5
28344,6
28345,5
28346,5
28347,2
28348,0
28349,6
28350,6
28351,8
28352,1
28353,7
28354,8
28355,3
28356,9
28357,7
28358,9
28359,3
28360,0
28361,2
28362,5
28363,9
28364,1
28365,5
28366,3
28367,4
28368,4
28369,0
28370,0
28371,3
28372,2
28373,2
28374,9
28375,4
28376,3
28377,3
28378,9
28379,6
28380,5
28381,2
28382,9
28383,2
28384,4
28385,6
28386,3
28387,2
28388,1
28389,3
28390,3
28391,9
28392,2
28393,9
28394,0
28395,3
28396,2
28397,2
28398,0
28399,6
28400,3
28401,8
28402,1
28403,5
28404,4
28405,6
28406,1
28407,4
28408,8
28409,5
28410,0
28411,7
28412,3
28413,2
28414,8
28415,6
28416,2
28417,8
28418,6
28419,7
28420,7
28421,5
28422,7
28423,9
28424,5
28425,0
28426,2
28427,7
28428,4
28429,7
28430,2
28431,4
28432,3
28433,5
28434,7
28435,2
28436,8
28437,2
28438,3
28439,0
28440,1
28441,6
28442,7
28443,7
28444,2
28445,3
28446,3
28447,1
28448,1
28449,1
28450,6
28451,3
28452,1
28453,7
28454,2
28455,0
28456,6
28457,6
28458,9
28459,8
28460,0
28461,9
28462,5
28463,9
28464,1
28465,3
28466,1
28467,7
28468,1
28469,8
28470,9
28471,4
28472,0
28473,8
28474,8
28475,5
28476,3
28477,8
28478,7
28479,3
28480,1
28481,4
28482,5
28483,2
28484,6
28485,5
28486,5
28487,6
28488,1
28489,9
28490,1
28491,1
28492,6
28493,1
28494,0
28495,7
28496,9
28497,5
28498,2
28499,2
28500,7
28501,2
28502,6
28503,4
28504,3
28505,2
28506,6
28507,3
28508,4
28509,5
28510,8
28511,5
28512,2
28513,5
28514,5
28515,4
28516,5
28517,5
28518,7
28519,1
28520,4
28521,4
28522,3
28523,6
28524,0
28525,3
28526,3
28527,7
28528,8
28529,8
28530,8
28531,5
28532,5
28533,2
28534,3
28535,3
28536,4
28537,6
28538,6
28539,7
28540,9
28541,4
28542,3
28543,9
28544,6
28545,8
28546,0
28547,0
28548,1
28549,7
28550,9
28551,5
28552,5
28553,6
28554,0
28555,8
28556,0
28557,6
28558,7
28559,3
28560,1
28561,8
28562,4
28563,8
28564,8
28565,8
28566,4
28567,1
28568,4
28569,3
28570,9
28571,2
28572,6
28573,4
28574,0
28575,2
28576,1
28577,9
28578,1
28579,5
28580,1
28581,7
28582,3
28583,3
28584,6
28585,5
28586,4
28587,6
28588,7
28589,8
28590,7
28591,0
28592,9
28593,5
28594,2
28595,5
28596,6
28597,6
28598,0
28599,5
28600,6
28601,8
28602,8
28603,1
28604,5
28605,7
28606,2
28607,5
28608,7
28609,9
28610,6
28611,1
28612,4
28613,5
28614,4
28615,7
28616,3
28617,5
28618,6
28619,5
28620,4
28621,5
28622,7
28623,9
28624,3
28625,1
28626,3
28627,8
28628,3
28629,2
28630,8
28631,7
28632,0
28633,6
28634,6
28635,2
28636,7
28637,4
28638,1
28639,4
28640,9
28641,6
28642,4
28643,9
28644,7
28645,0
28646,7
28647,1
28648,6
28649,0
28650,4
28651,7
28652,3
28653,7
28654,7
28655,2
28656,9
28657,8
28658,0
28659,6
28660,4
28661,3
28662,7
28663,1
28664,8
28665,2
28666,8
28667,9
28668,1
28669,3
28670,5
28671,4
28672,0
28673,5
28674,6
28675,9
28676,6
28677,1
28678,0
28679,7
28680,0
28681,7
28682,0
28683,8
28684,3
28685,1
28686,8
28687,4
28688,4
28689,1
28690,9
28691,6
28692,6
28693,8
28694,2
28695,8
28696,4
28697,5
28698,2
28699,6
28700,8
28701,0
28702,0
28703,4
28704,8
28705,7
28706,5
28707,2
28708,6
28709,7
28710,2
28711,3
28712,2
28713,1
28714,8
28715,4
28716,5
28717,8
28718,8
28719,4
28720,8
28721,4
28722,7
28723,8
28724,5
28725,8
28726,9
28727,4
28728,3
28729,5
28730,5
28731,8
28732,9
28733,2
28734,2
28735,9
28736,5
28737,9
28738,3
28739,9
28740,3
28741,1
28742,8
28743,3
28744,5
28745,1
28746,3
28747,4
28748,7
28749,0
28750,1
28751,1
28752,5
28753,0
28754,3
28755,9
28756,2
28757,5
28758,0
28759,3
28760,4
28761,8
28762,6
28763,1
28764,2
28765,4
28766,5
28767,7
28768,6
28769,6
28770,3
28771,5
28772,1
28773,1
28774,8
28775,1
28776,0
28777,1
28778,7
28779,8
28780,0
28781,5
28782,5
28783,7
28784,4
28785,7
28786,4
28787,6
28788,9
28789,6
28790,6
28791,0
28792,2
28793,9
28794,3
28795,4
28796,7
28797,0
28798,4
28799,9
28800,6
28801,2
28802,0
28803,1
28804,9
28805,3
28806,2
28807,9
28808,0
28809,5
28810,2
28811,1
28812,1
28813,5
28814,3
28815,1
28816,6
28817,9
28818,9
28819,7
28820,6
28821,6
28822,4
28823,5
28824,3
28825,7
28826,2
28827,7
28828,5
28829,6
28830,0
28831,6
28832,4
28833,3
28834,0
28835,2
28836,1
28837,6
28838,2
28839,2
28840,3
28841,8
28842,7
28843,4
28844,3
28845,0
28846,8
28847,7
28848,4
28849,0
28850,6
28851,1
28852,7
28853,6
28854,3
28855,9
28856,2
28857,7
28858,9
28859,5
28860,1
28861,6
28862,1
28863,6
28864,1
28865,8
28866,4
28867,6
28868,6
28869,7
28870,8
28871,6
28872,4
28873,9
28874,3
28875,2
28876,2
28877,9
28878,9
28879,8
28880,4
28881,2
28882,0
28883,5
28884,2
28885,5
28886,6
28887,2
28888,1
28889,9
28890,2
28891,6
28892,5
28893,9
28894,4
28895,3
28896,7
28897,4
28898,6
28899,7
28900,4
28901,6
28902,8
28903,6
28904,8
28905,5
28906,6
28907,9
28908,0
28909,6
28910,1
28911,9
28912,0
28913,4
28914,3
28915,6
28916,3
28917,0
28918,7
28919,9
28920,7
28921,7
28922,0
28923,7
28924,8
28925,2
28926,1
28927,8
28928,6
28929,2
28930,1
28931,5
28932,1
28933,3
28934,1
28935,0
28936,2
28937,9
28938,6
28939,5
28940,7
28941,3
28942,4
28943,8
28944,2
28945,0
28946,3
28947,2
28948,9
28949,2
28950,1
28951,5
28952,4
28953,8
28954,5
28955,6
28956,5
28957,6
28958,8
28959,8
28960,8
28961,5
28962,4
28963,9
28964,2
28965,4
28966,3
28967,6
28968,8
28969,3
28970,7
28971,5
28972,4
28973,0
28974,1
28975,6
28976,8
28977,7
28978,0
28979,4
28980,3
28981,6
28982,4
28983,4
28984,3
28985,9
28986,9
28987,9
28988,1
28989,6
28990,3
28991,0
28992,8
28993,2
28994,2
28995,9
28996,9
28997,7
28998,6
28999,8
29000,2
29001,6
29002,0
29003,4
29004,5
29005,7
29006,1
29007,6
29008,5
29009,2
29010,3
29011,1
29012,3
29013,4
29014,6
29015,9
29016,4
29017,3
29018,3
29019,5
29020,6
29021,1
29022,5
29023,9
29024,4
29025,0
29026,6
29027,2
29028,2
29029,0
29030,8
29031,7
29032,5
29033,6
29034,8
29035,4
29036,3
29037,7
29038,7
29039,4
29040,3
29041,2
29042,5
29043,1
29044,1
29045,4
29046,9
29047,2
29048,0
29049,1
29050,1
29051,6
29052,2
29053,8
29054,5
29055,5
29056,6
29057,5
29058,5
29059,1
29060,8
29061,7
29062,4
29063,3
29064,6
29065,6
29066,6
29067,2
29068,7
29069,4
29070,4
29071,0
29072,1
29073,1
29074,5
29075,5
29076,6
29077,3
29078,4
29079,1
29080,5
29081,5
29082,2
29083,8
29084,1
29085,9
29086,9
29087,0
29088,8
29089,1
29090,3
29091,2
29092,3
29093,6
29094,9
29095,6
29096,1
29097,5
29098,3
29099,8
29100,9
29101,7
29102,3
29103,3
29104,8
29105,1
29106,2
29107,8
29108,1
29109,7
29110,1
29111,9
29112,4
29113,4
29114,8
29115,0
29116,9
29117,3
29118,7
29119,2
29120,0
29121,9
29122,4
29123,0
29124,3
29125,1
29126,2
29127,8
29128,9
29129,1
29130,8
29131,7
29132,2
29133,4
29134,7
29135,1
29136,4
29137,9
29138,7
29139,0
29140,1
29141,6
29142,8
29143,6
29144,0
29145,7
29146,7
29147,2
29148,8
29149,0
29150,3
29151,4
29152,4
29153,3
29154,7
29155,5
29156,4
29157,4
29158,0
29159,2
29160,8
29161,6
29162,4
29163,0
29164,1
29165,5
29166,7
29167,8
29168,4
29169,5
29170,0
29171,7
29172,2
29173,0
29174,3
29175,9
29176,1
29177,3
29178,5
29179,1
29180,7
29181,5
29182,7
29183,1
29184,3
29185,1
29186,7
29187,3
29188,7
29189,4
29190,5
29191,1
29192,3
29193,4
29194,1
29195,9
29196,8
29197,6
29198,1
29199,9
29200,9
29201,9
29202,5
29203,0
29204,5
29205,5
29206,4
29207,9
29208,2
29209,3
29210,4
29211,7
29212,6
29213,8
29214,8
29215,5
29216,7
29217,0
29218,3
29219,6
29220,2
29221,8
29222,0
29223,6
29224,0
29225,7
29226,9
29227,8
29228,8
29229,4
29230,3
29231,5
29232,6
29233,8
29234,8
29235,4
29236,6
29237,6
29238,8
29239,6
29240,0
29241,6
29242,6
29243,5
29244,2
29245,8
29246,6
29247,8
29248,4
29249,8
29250,4
29251,1
29252,0
29253,0
29254,1
29255,3
29256,0
29257,3
29258,9
29259,4
29260,4
29261,1
29262,5
29263,0
29264,7
29265,8
29266,5
29267,2
29268,3
29269,1
29270,8
29271,8
29272,5
29273,2
29274,4
29275,0
29276,4
29277,5
29278,7
29279,7
29280,0
29281,9
29282,1
29283,5
29284,7
29285,8
29286,6
29287,3
29288,0
29289,1
29290,4
29291,7
29292,8
29293,3
29294,6
29295,9
29296,1
29297,6
29298,8
29299,6
29300,2
29301,8
29302,1
29303,3
29304,6
29305,9
29306,1
29307,1
29308,1
29309,1
29310,3
29311,3
29312,0
29313,5
29314,4
29315,5
29316,8
29317,4
29318,0
29319,8
29320,3
29321,4
29322,7
29323,9
29324,7
29325,0
29326,0
29327,3
29328,1
29329,9
29330,1
29331,4
29332,6
29333,6
29334,4
29335,8
29336,2
29337,7
29338,2
29339,8
29340,4
29341,4
29342,9
29343,8
29344,8
29345,5
29346,9
29347,9
29348,8
29349,4
29350,8
29351,8
29352,0
29353,3
29354,3
29355,2
29356,0
29357,6
29358,7
29359,8
29360,8
29361,3
29362,4
29363,9
29364,6
29365,0
29366,2
29367,1
29368,6
29369,2
29370,7
29371,8
29372,3
29373,9
29374,6
29375,0
29376,2
29377,2
29378,2
29379,3
29380,1
29381,3
29382,3
29383,8
29384,8
29385,6
29386,9
29387,3
29388,5
29389,2
29390,6
29391,4
29392,0
29393,2
29394,6
29395,9
29396,3
29397,8
29398,1
29399,3
29400,6
29401,5
29402,5
29403,7
29404,3
29405,2
29406,1
29407,1
29408,7
29409,4
29410,3
29411,7
29412,7
29413,2
29414,0
29415,5
29416,6
29417,3
29418,1
29419,9
29420,3
29421,6
29422,3
29423,3
29424,9
29425,9
29426,6
29427,2
29428,1
29429,6
29430,7
29431,6
29432,3
29433,2
29434,5
29435,9
29436,0
29437,5
29438,2
29439,5
29440,3
29441,2
29442,9
29443,5
29444,6
29445,1
29446,0
29447,6
29448,4
29449,1
29450,6
29451,5
29452,3
29453,8
29454,0
29455,9
29456,4
29457,3
29458,1
29459,7
29460,0
29461,1
29462,7
29463,1
29464,5
29465,5
29466,8
29467,8
29468,4
29469,7
29470,7
29471,5
29472,0
29473,3
29474,1
29475,7
29476,1
29477,8
29478,9
29479,3
29480,9
29481,4
29482,2
29483,8
29484,6
29485,5
29486,4
29487,3
29488,8
29489,3
29490,8
29491,1
29492,5
29493,6
29494,1
29495,4
29496,4
29497,6
29498,0
29499,4
29500,0
29501,5
29502,6
29503,5
29504,4
29505,1
29506,0
29507,9
29508,6
29509,3
29510,2
29511,5
29512,9
29513,8
29514,9
29515,3
29516,9
29517,6
29518,5
29519,6
29520,5
29521,9
29522,4
29523,2
29524,0
29525,7
29526,4
29527,3
29528,8
29529,4
29530,0
29531,9
29532,0
29533,2
29534,9
29535,9
29536,8
29537,5
29538,2
29539,4
29540,0
29541,7
29542,2
29543,9
29544,9
29545,3
29546,1
29547,0
29548,7
29549,5
29550,2
29551,9
29552,8
29553,8
29554,9
29555,0
29556,9
29557,9
29558,3
29559,0
29560,4
29561,2
29562,2
29563,4
29564,1
29565,6
29566,4
29567,7
29568,2
29569,9
29570,7
29571,3
29572,2
29573,2
29574,5
29575,7
29576,4
29577,5
29578,7
29579,2
29580,5
29581,3
29582,3
29583,0
29584,8
29585,6
29586,5
29587,1
29588,6
29589,3
29590,6
29591,6
29592,7
29593,9
29594,6
29595,5
29596,4
29597,4
29598,4
29599,1
29600,5
29601,4
29602,9
29603,9
29604,2
29605,4
29606,1
29607,1
29608,3
29609,6
29610,6
29611,5
29612,5
29613,6
29614,5
29615,0
29616,8
29617,0
29618,0
29619,8
29620,6
29621,0
29622,8
29623,7
29624,3
29625,9
29626,9
29627,4
29628,0
29629,5
29630,0
29631,6
29632,3
29633,0
29634,0
29635,5
29636,4
29637,6
29638,7
29639,4
29640,4
29641,9
29642,2
29643,3
29644,0
29645,6
29646,3
29647,7
29648,6
29649,4
29650,7
29651,3
29652,0
29653,5
29654,1
29655,5
29656,5
29657,7
29658,8
29659,3
29660,7
29661,1
29662,7
29663,2
29664,4
29665,7
29666,1
29667,8
29668,6
29669,2
29670,4
29671,9
29672,7
29673,8
29674,4
29675,6
29676,3
29677,6
29678,7
29679,3
29680,4
29681,8
29682,6
29683,2
29684,9
29685,9
29686,6
29687,2
29688,0
29689,5
29690,3
29691,8
29692,3
29693,1
29694,5
29695,7
29696,4
29697,3
29698,4
29699,8
29700,9
29701,2
29702,7
29703,8
29704,3
29705,8
29706,6
29707,7
29708,6
29709,8
29710,0
29711,0
29712,6
29713,2
29714,2
29715,8
29716,1
29717,6
29718,7
29719,1
29720,2
29721,3
29722,6
29723,6
29724,0
29725,6
29726,7
29727,1
29728,2
29729,3
29730,7
29731,4
29732,6
29733,7
29734,7
29735,1
29736,3
29737,5
29738,8
29739,5
29740,6
29741,6
29742,5
29743,7
29744,9
29745,1
29746,1
29747,9
29748,3
29749,8
29750,5
29751,8
29752,7
29753,7
29754,2
29755,6
29756,9
29757,9
29758,7
29759,8
29760,6
29761,7
29762,1
29763,2
29764,1
29765,0
29766,4
29767,6
29768,2
29769,1
29770,0
29771,6
29772,7
29773,4
29774,5
29775,6
29776,5
29777,4
29778,3
29779,8
29780,9
29781,2
29782,7
29783,1
29784,1
29785,2
29786,1
29787,2
29788,2
29789,7
29790,9
29791,3
29792,7
29793,4
29794,0
29795,5
29796,3
29797,0
29798,8
29799,3
29800,3
29801,7
29802,0
29803,3
29804,1
29805,4
29806,5
29807,9
29808,0
29809,2
29810,3
29811,8
29812,5
29813,3
29814,9
29815,2
29816,7
29817,7
29818,1
29819,3
29820,4
29821,9
29822,0
29823,0
29824,1
29825,8
29826,3
29827,6
29828,2
29829,6
29830,3
29831,9
29832,3
29833,9
29834,6
29835,5
29836,4
29837,6
29838,3
29839,0
29840,1
29841,1
29842,0
29843,6
29844,6
29845,0
29846,7
29847,5
29848,4
29849,3
29850,5
29851,3
29852,6
29853,1
29854,2
29855,3
29856,1
29857,7
29858,2
29859,0
29860,9
29861,3
29862,4
29863,5
29864,3
29865,8
29866,4
29867,2
29868,5
29869,9
29870,5
29871,6
29872,5
29873,8
29874,5
29875,8
29876,6
29877,0
29878,4
29879,8
29880,6
29881,8
29882,1
29883,1
29884,0
29885,8
29886,4
29887,9
29888,1
29889,9
29890,1
29891,5
29892,7
29893,3
29894,3
29895,2
29896,6
29897,2
29898,1
29899,1
29900,7
29901,9
29902,6
29903,2
29904,8
29905,5
29906,4
29907,4
29908,2
29909,1
29910,6
29911,6
29912,8
29913,7
29914,0
29915,0
29916,6
29917,0
29918,1
29919,8
29920,8
29921,0
29922,9
29923,6
29924,5
29925,8
29926,6
29927,0
29928,3
29929,2
29930,4
29931,5
29932,3
29933,5
29934,7
29935,1
29936,9
29937,0
29938,4
29939,0
29940,1
29941,1
29942,8
29943,4
29944,1
29945,3
29946,6
29947,4
29948,7
29949,5
29950,7
29951,4
29952,7
29953,4
29954,4
29955,2
29956,5
29957,0
29958,2
29959,0
29960,7
29961,8
29962,6
29963,3
29964,6
29965,1
29966,7
29967,2
29968,1
29969,8
29970,6
29971,2
29972,5
29973,1
29974,3
29975,7
29976,2
29977,6
29978,9
29979,1
29980,9
29981,8
29982,7
29983,2
29984,3
29985,4
29986,9
29987,8
29988,8
29989,8
29990,6
29991,1
29992,3
29993,0
29994,0
29995,6
29996,8
29997,7
29998,6
29999,6
